,rec_id,locus_tag,protein_id,gene,start,end,strand,pseudo,product,Dbxref,inference,EC_number,old_locus_tag,dup_id,count_dups,dup_id_pseudo_free,count_dups_pseudo_free,dup_id_mobile_free,count_dups_mobile_free
CDS_NZ_CP009166.1_1164623_1165370_neg,NZ_CP009166.1,EC1303_RS28085,,,1164623,1165370,neg,True,ISL3 family transposase,,COORDINATES: similar to AA sequence:RefSeq:WP_001368704.1,,,1,2,,,,
CDS_NZ_CP009166.1_1161977_1164398_neg,NZ_CP009166.1,EC1303_RS05475,WP_000273844.1,,1161977,1164398,neg,,NTPase,,COORDINATES: similar to AA sequence:RefSeq:WP_000273844.1,,EC1303_c10560,1,2,,,,
CDS_NZ_CP009166.1_2274850_2275453_pos,NZ_CP009166.1,EC1303_RS11320,WP_000813432.1,,2274850,2275453,pos,,hypothetical protein,,COORDINATES: similar to AA sequence:RefSeq:WP_000813428.1,,EC1303_c21680,2,2,,,,
CDS_NZ_CP009166.1_2276281_2276578_pos,NZ_CP009166.1,EC1303_RS28850,,,2276281,2276578,pos,True,IS21 family transposase,,COORDINATES: similar to AA sequence:RefSeq:WP_000952428.1,,EC1303_c21700,2,2,,,,
CDS_NZ_CP009166.1_1000076_1000694_pos,NZ_CP009166.1,EC1303_RS04720,WP_000213098.1,dmsB,1000076,1000694,pos,,dimethylsulfoxide reductase subunit B,,COORDINATES: similar to AA sequence:RefSeq:WP_000213046.1,,EC1303_c09140,3,2,1.0,2.0,1.0,2.0
CDS_NZ_CP009166.1_1828046_1828664_pos,NZ_CP009166.1,EC1303_RS08910,WP_000213028.1,dmsB,1828046,1828664,pos,,dimethylsulfoxide reductase subunit B,,COORDINATES: similar to AA sequence:RefSeq:WP_000213046.1,,EC1303_c17100,3,2,1.0,2.0,1.0,2.0
CDS_NZ_CP009166.1_4911241_4912381_pos,NZ_CP009166.1,EC1303_RS24075,,,4911241,4912381,pos,True,prophage tail fiber N-terminal domain-containing protein,,COORDINATES: similar to AA sequence:RefSeq:NP_415890.2,,,4,2,,,,
CDS_NZ_CP009166.1_4910577_4911177_pos,NZ_CP009166.1,EC1303_RS24070,WP_041124207.1,,4910577,4911177,pos,,Ail/Lom family outer membrane beta-barrel protein,,COORDINATES: similar to AA sequence:RefSeq:NP_706647.1,,EC1303_c46260,4,2,,,,
CDS_NZ_CP009166.1_735141_735375_pos,NZ_CP009166.1,EC1303_RS03480,,,735141,735375,pos,True,ISAs1 family transposase,,COORDINATES: similar to AA sequence:RefSeq:WP_000420980.1,,EC1303_c06740,5,4,,,,
CDS_NZ_CP009166.1_736788_737547_pos,NZ_CP009166.1,EC1303_RS03490,,,736788,737547,pos,True,ISAs1 family transposase,,COORDINATES: similar to AA sequence:RefSeq:WP_000420980.1,,EC1303_c06760,5,4,,,,
CDS_NZ_CP009166.1_734346_734916_pos,NZ_CP009166.1,EC1303_RS03475,WP_000832338.1,,734346,734916,pos,,hypothetical protein,,COORDINATES: similar to AA sequence:RefSeq:NP_415232.1,,EC1303_c06730,5,4,,,,
CDS_NZ_CP009166.1_735521_736658_pos,NZ_CP009166.1,EC1303_RS03485,,,735521,736658,pos,True,ISAs1 family transposase,,COORDINATES: similar to AA sequence:RefSeq:WP_000420980.1,,EC1303_c06750,5,4,,,,
CDS_NZ_CP009166.1_4101953_4102082_neg,NZ_CP009166.1,EC1303_RS20065,,,4101953,4102082,neg,True,IS256 family transposase,,COORDINATES: similar to AA sequence:RefSeq:WP_000343613.1,,,6,4,,,,
CDS_NZ_CP009166.1_4098964_4099537_neg,NZ_CP009166.1,EC1303_RS20050,WP_041124167.1,,4098964,4099537,neg,,hypothetical protein,,COORDINATES: similar to AA sequence:RefSeq:WP_001536434.1,,EC1303_c38580,6,4,,,,
CDS_NZ_CP009166.1_4101574_4101924_pos,NZ_CP009166.1,EC1303_RS27325,,,4101574,4101924,pos,True,transposase,,COORDINATES: similar to AA sequence:RefSeq:WP_000952428.1,,EC1303_c38600,6,4,,,,
CDS_NZ_CP009166.1_4099794_4100362_neg,NZ_CP009166.1,EC1303_RS20055,,,4099794,4100362,neg,True,inovirus-type Gp2 protein,,COORDINATES: similar to AA sequence:RefSeq:WP_001126805.1,,EC1303_c38590,6,4,,,,
CDS_NZ_CP009166.1_4914177_4914561_pos,NZ_CP009166.1,EC1303_RS27640,,,4914177,4914561,pos,True,tail fiber assembly protein,,COORDINATES: similar to AA sequence:RefSeq:WP_000885624.1,,EC1303_c46290,7,2,,,,
CDS_NZ_CP009166.1_4913538_4914105_pos,NZ_CP009166.1,EC1303_RS24080,WP_040079877.1,,4913538,4914105,pos,,DUF4376 domain-containing protein,,COORDINATES: similar to AA sequence:RefSeq:WP_001165852.1,,EC1303_c46280,7,2,,,,
CDS_NZ_CP009166.1_1161109_1161673_pos,NZ_CP009166.1,EC1303_RS05470,WP_041124073.1,,1161109,1161673,pos,,inovirus-type Gp2 protein,,COORDINATES: similar to AA sequence:RefSeq:NP_309331.1,,EC1303_c10550,8,2,2.0,2.0,2.0,2.0
CDS_NZ_CP009166.1_931108_931672_pos,NZ_CP009166.1,EC1303_RS04445,WP_041124061.1,,931108,931672,pos,,inovirus-type Gp2 protein,,COORDINATES: similar to AA sequence:RefSeq:NP_309331.1,,EC1303_c08590,8,2,2.0,2.0,2.0,2.0
CDS_NZ_CP009166.1_3564310_3565031_pos,NZ_CP009166.1,EC1303_RS17510,,,3564310,3565031,pos,True,DUF1120 domain-containing protein,,COORDINATES: similar to AA sequence:RefSeq:NP_417686.1,,EC1303_c33670,9,2,,,,
CDS_NZ_CP009166.1_3563768_3564314_pos,NZ_CP009166.1,EC1303_RS17505,WP_000821351.1,,3563768,3564314,pos,,hypothetical protein,,COORDINATES: similar to AA sequence:RefSeq:WP_000821351.1,,EC1303_c33660,9,2,,,,
CDS_NZ_CP009166.1_1350701_1351280_pos,NZ_CP009166.1,EC1303_RS06560,WP_041124087.1,,1350701,1351280,pos,,phage tail protein,,COORDINATES: similar to AA sequence:RefSeq:NP_309665.1,,EC1303_c12650,10,2,3.0,2.0,,
CDS_NZ_CP009166.1_4899585_4900164_pos,NZ_CP009166.1,EC1303_RS24015,WP_041124202.1,,4899585,4900164,pos,,phage tail protein,,COORDINATES: similar to AA sequence:RefSeq:NP_309665.1,,EC1303_c46150,10,2,3.0,2.0,,
CDS_NZ_CP009166.1_1733833_1734201_neg,NZ_CP009166.1,EC1303_RS08410,,,1733833,1734201,neg,True,MFS transporter,,COORDINATES: similar to AA sequence:RefSeq:WP_004850902.1,,EC1303_c16100,11,5,,,,
CDS_NZ_CP009166.1_1733053_1733262_neg,NZ_CP009166.1,EC1303_RS08405,,,1733053,1733262,neg,True,helix-turn-helix transcriptional regulator,,COORDINATES: similar to AA sequence:RefSeq:YP_005226947.1,,EC1303_c16090,11,5,,,,
CDS_NZ_CP009166.1_1733707_1733800_neg,NZ_CP009166.1,EC1303_RS28790,,,1733707,1733800,neg,True,4-carboxymuconolactone decarboxylase,,COORDINATES: similar to AA sequence:RefSeq:WP_007747649.1,,,11,5,,,,
CDS_NZ_CP009166.1_1731028_1731559_neg,NZ_CP009166.1,EC1303_RS08395,WP_000876770.1,,1731028,1731559,neg,,type 1 fimbrial protein,,COORDINATES: similar to AA sequence:RefSeq:NP_310136.1,,EC1303_c16070,11,5,,,,
CDS_NZ_CP009166.1_1731572_1732799_neg,NZ_CP009166.1,EC1303_RS08400,,,1731572,1732799,neg,True,fimbrial biogenesis outer membrane usher protein,,COORDINATES: similar to AA sequence:RefSeq:NP_310137.2,,EC1303_c16080,11,5,,,,
CDS_NZ_CP009166.1_1353266_1355828_pos,NZ_CP009166.1,EC1303_RS06585,WP_041124089.1,,1353266,1355828,pos,,phage tail tape measure protein,,COORDINATES: similar to AA sequence:RefSeq:NP_309670.1,,EC1303_c12700,12,2,4.0,2.0,,
CDS_NZ_CP009166.1_4902150_4904712_pos,NZ_CP009166.1,EC1303_RS24040,WP_041124204.1,,4902150,4904712,pos,,phage tail tape measure protein,,COORDINATES: similar to AA sequence:RefSeq:NP_309670.1,,EC1303_c46200,12,2,4.0,2.0,,
CDS_NZ_CP009166.1_1206251_1206425_pos,NZ_CP009166.1,EC1303_RS29400,,,1206251,1206425,pos,True,VENN motif pre-toxin domain-containing protein,,COORDINATES: protein motif:HMM:NF016702.1,,,13,3,,,,
CDS_NZ_CP009166.1_1206455_1206813_pos,NZ_CP009166.1,EC1303_RS29405,,,1206455,1206813,pos,True,hemagglutinin,,COORDINATES: similar to AA sequence:RefSeq:WP_001336097.1,,,13,3,,,,
CDS_NZ_CP009166.1_1205608_1206130_pos,NZ_CP009166.1,EC1303_RS05690,WP_000017595.1,,1205608,1206130,pos,,DUF2569 domain-containing protein,,COORDINATES: similar to AA sequence:RefSeq:WP_016232910.1,,EC1303_c11020,13,3,,,,
CDS_NZ_CP009166.1_3303145_3303211_neg,NZ_CP009166.1,EC1303_RS28930,,,3303145,3303211,neg,True,omptin family outer membrane protease,,COORDINATES: similar to AA sequence:RefSeq:WP_000280980.1,,,14,4,,,,
CDS_NZ_CP009166.1_3301615_3302137_neg,NZ_CP009166.1,EC1303_RS16180,WP_001283626.1,fecI,3301615,3302137,neg,,RNA polymerase sigma factor FecI,,COORDINATES: similar to AA sequence:RefSeq:NP_418713.1,,EC1303_c31090,14,4,,,,
CDS_NZ_CP009166.1_3303443_3303548_pos,NZ_CP009166.1,EC1303_RS27035,,,3303443,3303548,pos,True,IS3 family transposase,,COORDINATES: similar to AA sequence:RefSeq:WP_076612091.1,,,14,4,,,,
CDS_NZ_CP009166.1_3302428_3303126_pos,NZ_CP009166.1,EC1303_RS28340,,,3302428,3303126,pos,True,IS1 family transposase,,COORDINATES: similar to AA sequence:RefSeq:WP_076612230.1,,EC1303_c31110,14,4,,,,
CDS_NZ_CP009166.1_4540956_4541472_neg,NZ_CP009166.1,EC1303_RS22205,WP_001295691.1,zur,4540956,4541472,neg,,zinc uptake transcriptional repressor Zur,,COORDINATES: similar to AA sequence:RefSeq:NP_418470.4,,EC1303_c42680,15,2,,,,
CDS_NZ_CP009166.1_4541789_4542775_pos,NZ_CP009166.1,EC1303_RS22215,,,4541789,4542775,pos,True,DUF2713 domain-containing protein,,COORDINATES: similar to AA sequence:RefSeq:WP_001560258.1,,EC1303_c42700,15,2,,,,
CDS_NZ_CP009166.1_3716863_3718101_neg,NZ_CP009166.1,EC1303_RS18390,,hofQ,3716863,3718101,neg,True,DNA uptake porin HofQ,,COORDINATES: similar to AA sequence:RefSeq:NP_417850.1,,EC1303_c35370,16,2,,,,
CDS_NZ_CP009166.1_3715941_3716463_neg,NZ_CP009166.1,EC1303_RS18385,WP_000818618.1,aroK,3715941,3716463,neg,,shikimate kinase AroK,,COORDINATES: similar to AA sequence:RefSeq:WP_004709337.1,2.7.1.71,EC1303_c35360,16,2,,,,
CDS_NZ_CP009166.1_3159122_3159755_neg,NZ_CP009166.1,EC1303_RS15470,,,3159122,3159755,neg,True,response regulator transcription factor,,COORDINATES: similar to AA sequence:RefSeq:NP_311739.1,,EC1303_c29720,17,2,,,,
CDS_NZ_CP009166.1_3158601_3159078_pos,NZ_CP009166.1,EC1303_RS15465,WP_001336167.1,,3158601,3159078,pos,,lytic transglycosylase domain-containing protein,,COORDINATES: similar to AA sequence:RefSeq:WP_001311103.1,,EC1303_c29710,17,2,,,,
CDS_NZ_CP009168.1_26896_27370_neg,NZ_CP009168.1,EC1303_RS27850,WP_071889283.1,,26896,27370,neg,,tail fiber protein,,COORDINATES: similar to AA sequence:RefSeq:WP_001408993.1,,EC1303_95p00280,18,2,5.0,2.0,,
CDS_NZ_CP009168.1_28375_28849_neg,NZ_CP009168.1,EC1303_RS27860,WP_071889283.1,,28375,28849,neg,,tail fiber protein,,COORDINATES: similar to AA sequence:RefSeq:WP_001408993.1,,EC1303_95p00310,18,2,5.0,2.0,,
CDS_NZ_CP009166.1_2312292_2312775_neg,NZ_CP009166.1,EC1303_RS26725,WP_001752766.1,,2312292,2312775,neg,,N-acetyltransferase,,COORDINATES: similar to AA sequence:RefSeq:WP_000469854.1,,EC1303_c22100,19,2,,,,
CDS_NZ_CP009166.1_2312831_2313968_neg,NZ_CP009166.1,EC1303_RS11515,,,2312831,2313968,neg,True,ISAs1 family transposase,,COORDINATES: similar to AA sequence:RefSeq:WP_000420980.1,,EC1303_c22110,19,2,,,,
CDS_NZ_CP009166.1_2287400_2287877_pos,NZ_CP009166.1,EC1303_RS11375,WP_001186773.1,,2287400,2287877,pos,,RadC family protein,,COORDINATES: similar to AA sequence:RefSeq:NP_310830.1,,EC1303_c21820,20,4,6.0,4.0,3.0,4.0
CDS_NZ_CP009166.1_978465_978942_pos,NZ_CP009166.1,EC1303_RS04620,WP_001186768.1,,978465,978942,pos,,RadC family protein,,COORDINATES: similar to AA sequence:RefSeq:NP_310830.1,,EC1303_c08940,20,4,6.0,4.0,3.0,4.0
CDS_NZ_CP009166.1_1228363_1228840_pos,NZ_CP009166.1,EC1303_RS05790,WP_041124082.1,,1228363,1228840,pos,,RadC family protein,,COORDINATES: similar to AA sequence:RefSeq:NP_309430.1,,EC1303_c11200,20,4,6.0,4.0,3.0,4.0
CDS_NZ_CP009166.1_4113607_4114084_pos,NZ_CP009166.1,EC1303_RS20140,WP_041124171.1,,4113607,4114084,pos,,RadC family protein,,COORDINATES: similar to AA sequence:RefSeq:NP_310830.1,,EC1303_c38770,20,4,6.0,4.0,3.0,4.0
CDS_NZ_CP009166.1_298958_299411_pos,NZ_CP009166.1,EC1303_RS01420,WP_001059847.1,,298958,299411,pos,,GNAT family N-acetyltransferase,,COORDINATES: similar to AA sequence:RefSeq:NP_706234.1,2.3.1.-,EC1303_c02770,21,3,,,,
CDS_NZ_CP009166.1_299858_300380_pos,NZ_CP009166.1,EC1303_RS01430,,,299858,300380,pos,True,peptide chain release factor H,,COORDINATES: similar to AA sequence:RefSeq:WP_000602105.1,,EC1303_c02790,21,3,,,,
CDS_NZ_CP009166.1_299656_299860_pos,NZ_CP009166.1,EC1303_RS01425,,,299656,299860,pos,True,RNA ligase RtcB family protein,,COORDINATES: similar to AA sequence:RefSeq:NP_706235.2,,EC1303_c02780,21,3,,,,
CDS_NZ_CP009166.1_1396975_1397422_pos,NZ_CP009166.1,EC1303_RS06830,WP_001306825.1,,1396975,1397422,pos,,YcgN family cysteine cluster protein,,COORDINATES: similar to AA sequence:RefSeq:NP_309703.5,,EC1303_c13140,22,2,,,,
CDS_NZ_CP009166.1_1397628_1398529_neg,NZ_CP009166.1,EC1303_RS28110,,hlyE,1397628,1398529,neg,True,hemolysin HlyE,,COORDINATES: similar to AA sequence:RefSeq:NP_415700.4,,EC1303_c13150,22,2,,,,
CDS_NZ_CP009166.1_4578576_4580724_neg,NZ_CP009166.1,EC1303_RS22375,WP_001300547.1,fdhF,4578576,4580724,neg,,formate dehydrogenase subunit alpha,,COORDINATES: similar to AA sequence:RefSeq:NP_418503.1,1.17.1.9,EC1303_c43020,23,2,,,,
CDS_NZ_CP009166.1_4580921_4582388_neg,NZ_CP009166.1,EC1303_RS22385,,mdtP,4580921,4582388,neg,True,multidrug efflux transporter outer membrane subunit MdtP,,COORDINATES: similar to AA sequence:RefSeq:NP_418504.1,,EC1303_c43030,23,2,,,,
CDS_NZ_CP009166.1_4113106_4113592_pos,NZ_CP009166.1,EC1303_RS20135,WP_041124170.1,,4113106,4113592,pos,,antirestriction protein,,COORDINATES: similar to AA sequence:RefSeq:NP_309429.1,,EC1303_c38760,24,4,7.0,4.0,4.0,4.0
CDS_NZ_CP009166.1_2286905_2287385_pos,NZ_CP009166.1,EC1303_RS11370,WP_000860076.1,,2286905,2287385,pos,,antirestriction protein,,COORDINATES: similar to AA sequence:RefSeq:NP_310829.1,,EC1303_c21810,24,4,7.0,4.0,4.0,4.0
CDS_NZ_CP009166.1_977964_978450_pos,NZ_CP009166.1,EC1303_RS04615,WP_000213715.1,,977964,978450,pos,,antirestriction protein,,COORDINATES: similar to AA sequence:RefSeq:NP_309429.1,,EC1303_c08930,24,4,7.0,4.0,4.0,4.0
CDS_NZ_CP009166.1_1227868_1228348_pos,NZ_CP009166.1,EC1303_RS05785,WP_041124081.1,,1227868,1228348,pos,,antirestriction protein,,COORDINATES: similar to AA sequence:RefSeq:NP_708769.2,,EC1303_c11190,24,4,7.0,4.0,4.0,4.0
CDS_NZ_CP009166.1_1230087_1230576_pos,NZ_CP009166.1,EC1303_RS05815,WP_001470575.1,,1230087,1230576,pos,,hypothetical protein,,COORDINATES: similar to AA sequence:RefSeq:WP_001392970.1,,EC1303_c11250,25,3,8.0,3.0,5.0,3.0
CDS_NZ_CP009166.1_4115247_4115736_pos,NZ_CP009166.1,EC1303_RS20160,WP_041124174.1,,4115247,4115736,pos,,hypothetical protein,,COORDINATES: similar to AA sequence:RefSeq:WP_001392970.1,,EC1303_c38810,25,3,8.0,3.0,5.0,3.0
CDS_NZ_CP009166.1_980772_981261_pos,NZ_CP009166.1,EC1303_RS04645,WP_041124065.1,,980772,981261,pos,,hypothetical protein,,COORDINATES: similar to AA sequence:RefSeq:WP_001392970.1,,EC1303_c08990,25,3,8.0,3.0,5.0,3.0
CDS_NZ_CP009166.1_4102350_4102791_neg,NZ_CP009166.1,EC1303_RS20070,WP_000038139.1,,4102350,4102791,neg,,H-NS histone family protein,,COORDINATES: similar to AA sequence:RefSeq:WP_000038138.1,,EC1303_c38610,26,3,,,,
CDS_NZ_CP009166.1_4103011_4103776_pos,NZ_CP009166.1,EC1303_RS28405,,,4103011,4103776,pos,True,DDE-type integrase/transposase/recombinase,,COORDINATES: similar to AA sequence:RefSeq:WP_086558215.1,,,26,3,,,,
CDS_NZ_CP009166.1_4103908_4104483_neg,NZ_CP009166.1,EC1303_RS28410,,,4103908,4104483,neg,True,transposase,,COORDINATES: similar to AA sequence:RefSeq:WP_000343613.1,,,26,3,,,,
CDS_NZ_CP009166.1_1352839_1353274_pos,NZ_CP009166.1,EC1303_RS06580,WP_000459457.1,,1352839,1353274,pos,,phage tail assembly protein T,,COORDINATES: similar to AA sequence:RefSeq:NP_309669.1,,EC1303_c12690,27,2,9.0,2.0,,
CDS_NZ_CP009166.1_4901723_4902158_pos,NZ_CP009166.1,EC1303_RS24035,WP_000459458.1,,4901723,4902158,pos,,phage tail assembly protein T,,COORDINATES: similar to AA sequence:RefSeq:NP_309669.1,,EC1303_c46190,27,2,9.0,2.0,,
CDS_NZ_CP009167.1_28035_28461_pos,NZ_CP009167.1,EC1303_RS24430,WP_000422741.1,,28035,28461,pos,,IS66 family insertion sequence hypothetical protein,,COORDINATES: similar to AA sequence:RefSeq:WP_001373091.1,,EC1303_109p00220,28,2,10.0,2.0,6.0,2.0
CDS_NZ_CP009167.1_103998_104424_pos,NZ_CP009167.1,EC1303_RS24870,WP_000422741.1,,103998,104424,pos,,IS66 family insertion sequence hypothetical protein,,COORDINATES: similar to AA sequence:RefSeq:WP_001373091.1,,EC1303_109p01110,28,2,10.0,2.0,6.0,2.0
CDS_NZ_CP009166.1_4901319_4901742_pos,NZ_CP009166.1,EC1303_RS24030,WP_041124203.1,,4901319,4901742,pos,,phage minor tail protein G,,COORDINATES: similar to AA sequence:RefSeq:NP_309668.1,,EC1303_c46180,29,2,11.0,2.0,,
CDS_NZ_CP009166.1_1352435_1352858_pos,NZ_CP009166.1,EC1303_RS06575,WP_000479169.1,,1352435,1352858,pos,,phage minor tail protein G,,COORDINATES: similar to AA sequence:RefSeq:NP_309668.1,,EC1303_c12680,29,2,11.0,2.0,,
CDS_NZ_CP009166.1_1335977_1336361_pos,NZ_CP009166.1,EC1303_RS06465,WP_001345623.1,,1335977,1336361,pos,,antitermination protein,,COORDINATES: similar to AA sequence:RefSeq:NP_309230.1,,EC1303_c12460,30,2,,,,
CDS_NZ_CP009166.1_1336634_1337120_pos,NZ_CP009166.1,EC1303_RS06470,,,1336634,1337120,pos,True,ORF6N domain-containing protein,,COORDINATES: similar to AA sequence:RefSeq:WP_001421227.1,,EC1303_c12470,30,2,,,,
CDS_NZ_CP009166.1_3820518_3820869_pos,NZ_CP009166.1,EC1303_RS18850,,,3820518,3820869,pos,True,lyase,,COORDINATES: similar to AA sequence:RefSeq:NP_418051.1,,EC1303_c36260,31,2,,,,
CDS_NZ_CP009166.1_3820030_3820414_pos,NZ_CP009166.1,EC1303_RS18845,WP_001271686.1,,3820030,3820414,pos,,protein YhhH,,COORDINATES: similar to AA sequence:RefSeq:NP_417940.2,,EC1303_c36250,31,2,,,,
CDS_NZ_CP009166.1_1351276_1351672_pos,NZ_CP009166.1,EC1303_RS06565,WP_041124088.1,,1351276,1351672,pos,,hypothetical protein,,COORDINATES: similar to AA sequence:RefSeq:NP_309666.1,,EC1303_c12660,32,2,12.0,2.0,,
CDS_NZ_CP009166.1_4900160_4900556_pos,NZ_CP009166.1,EC1303_RS24020,WP_000683113.1,,4900160,4900556,pos,,tail protein,,COORDINATES: similar to AA sequence:RefSeq:NP_309666.1,,EC1303_c46160,32,2,12.0,2.0,,
CDS_NZ_CP009166.1_1795515_1795992_neg,NZ_CP009166.1,EC1303_RS08700,,,1795515,1795992,neg,True,minor capsid protein E,,COORDINATES: similar to AA sequence:RefSeq:NP_309662.1,,EC1303_c16640,33,2,,,,
CDS_NZ_CP009166.1_1795075_1795474_neg,NZ_CP009166.1,EC1303_RS08695,WP_023281240.1,,1795075,1795474,neg,,DNA-packaging protein FI,,COORDINATES: similar to AA sequence:RefSeq:NP_309663.1,,EC1303_c16630,33,2,,,,
CDS_NZ_CP009166.1_2410035_2412069_pos,NZ_CP009166.1,EC1303_RS11930,WP_001350533.1,metG,2410035,2412069,pos,,methionine--tRNA ligase,,COORDINATES: similar to AA sequence:RefSeq:NP_416617.1,6.1.1.10,EC1303_c22940,34,2,,,,
CDS_NZ_CP009166.1_2412209_2416004_pos,NZ_CP009166.1,EC1303_RS28220,,,2412209,2416004,pos,True,WGR and DUF4132 domain-containing protein,,COORDINATES: similar to AA sequence:RefSeq:WP_001215568.1,,EC1303_c22950,34,2,,,,
CDS_NZ_CP009166.1_4081593_4081986_neg,NZ_CP009166.1,EC1303_RS27290,,tnpB,4081593,4081986,neg,True,IS66 family insertion sequence element accessory protein TnpB,,COORDINATES: similar to AA sequence:RefSeq:WP_000950651.1,,,35,4,,,,
CDS_NZ_CP009166.1_4080485_4081487_neg,NZ_CP009166.1,EC1303_RS27285,,,4080485,4081487,neg,True,IS66 family transposase,,COORDINATES: similar to AA sequence:RefSeq:WP_000354984.1,,,35,4,,,,
CDS_NZ_CP009166.1_4079101_4079488_neg,NZ_CP009166.1,EC1303_RS19980,WP_000631802.1,cdiI,4079101,4079488,neg,,toxin-immunity protein system imunity protein CdiI,,COORDINATES: similar to AA sequence:RefSeq:WP_000631802.1,,EC1303_c38440,35,4,,,,
CDS_NZ_CP009166.1_4079484_4080062_neg,NZ_CP009166.1,EC1303_RS27280,,,4079484,4080062,neg,True,hypothetical protein,,COORDINATES: similar to AA sequence:RefSeq:WP_020235863.1,,,35,4,,,,
CDS_NZ_CP009166.1_4898853_4899228_pos,NZ_CP009166.1,EC1303_RS24005,WP_000201530.1,,4898853,4899228,pos,,hypothetical protein,,COORDINATES: similar to AA sequence:RefSeq:WP_000201530.1,,EC1303_c46130,36,2,13.0,2.0,7.0,2.0
CDS_NZ_CP009166.1_1349968_1350343_pos,NZ_CP009166.1,EC1303_RS06550,WP_000201530.1,,1349968,1350343,pos,,hypothetical protein,,COORDINATES: similar to AA sequence:RefSeq:WP_000201530.1,,EC1303_c12630,36,2,13.0,2.0,7.0,2.0
CDS_NZ_CP009166.1_2288691_2289066_pos,NZ_CP009166.1,EC1303_RS11390,WP_000854814.1,cbtA,2288691,2289066,pos,,type IV toxin-antitoxin system toxin CbtA,,COORDINATES: similar to AA sequence:RefSeq:NP_416509.1,,EC1303_c21850,37,4,14.0,4.0,8.0,4.0
CDS_NZ_CP009166.1_1229713_1230091_pos,NZ_CP009166.1,EC1303_RS05810,WP_001506713.1,,1229713,1230091,pos,,toxin CbtA,,COORDINATES: similar to AA sequence:RefSeq:WP_020239812.1,,EC1303_c11240,37,4,14.0,4.0,8.0,4.0
CDS_NZ_CP009166.1_4114873_4115251_pos,NZ_CP009166.1,EC1303_RS20155,WP_041124173.1,,4114873,4115251,pos,,toxin,,COORDINATES: similar to AA sequence:RefSeq:NP_708773.1,,EC1303_c38800,37,4,14.0,4.0,8.0,4.0
CDS_NZ_CP009166.1_980398_980776_pos,NZ_CP009166.1,EC1303_RS04640,WP_000854745.1,,980398,980776,pos,,hypothetical protein,,COORDINATES: similar to AA sequence:RefSeq:WP_001683029.1,,EC1303_c08980,37,4,14.0,4.0,8.0,4.0
CDS_NZ_CP009167.1_28457_28808_pos,NZ_CP009167.1,EC1303_RS24435,WP_000624722.1,tnpB,28457,28808,pos,,IS66 family insertion sequence element accessory protein TnpB,,COORDINATES: similar to AA sequence:RefSeq:WP_017901265.1,,EC1303_109p00230,38,2,15.0,2.0,9.0,2.0
CDS_NZ_CP009167.1_104420_104771_pos,NZ_CP009167.1,EC1303_RS24875,WP_000624722.1,tnpB,104420,104771,pos,,IS66 family insertion sequence element accessory protein TnpB,,COORDINATES: similar to AA sequence:RefSeq:WP_017901265.1,,EC1303_109p01120,38,2,15.0,2.0,9.0,2.0
CDS_NZ_CP009166.1_4899220_4899574_pos,NZ_CP009166.1,EC1303_RS24010,WP_001204540.1,,4899220,4899574,pos,,tail attachment protein,,COORDINATES: similar to AA sequence:RefSeq:WP_001204533.1,,EC1303_c46140,39,2,16.0,2.0,,
CDS_NZ_CP009166.1_1350335_1350689_pos,NZ_CP009166.1,EC1303_RS06555,WP_040082774.1,,1350335,1350689,pos,,tail attachment protein,,COORDINATES: similar to AA sequence:RefSeq:WP_001204533.1,,EC1303_c12640,39,2,16.0,2.0,,
CDS_NZ_CP009166.1_1348483_1348831_pos,NZ_CP009166.1,EC1303_RS06540,WP_000256840.1,,1348483,1348831,pos,,head decoration protein,,COORDINATES: similar to AA sequence:RefSeq:NP_309136.1,,EC1303_c12610,40,2,17.0,2.0,,
CDS_NZ_CP009166.1_4897368_4897716_pos,NZ_CP009166.1,EC1303_RS23995,WP_024237999.1,,4897368,4897716,pos,,head decoration protein,,COORDINATES: similar to AA sequence:RefSeq:NP_309136.1,,EC1303_c46110,40,2,17.0,2.0,,
CDS_NZ_CP009168.1_66773_67106_neg,NZ_CP009168.1,EC1303_RS28550,WP_157794728.1,,66773,67106,neg,,hypothetical protein,,COORDINATES: ab initio prediction:GeneMarkS-2+,,,41,2,,,,
CDS_NZ_CP009168.1_67110_67289_neg,NZ_CP009168.1,EC1303_RS29090,,,67110,67289,neg,True,hypothetical protein,,COORDINATES: similar to AA sequence:RefSeq:NP_305741.1,,,41,2,,,,
CDS_NZ_CP009166.1_953525_953887_pos,NZ_CP009166.1,EC1303_RS28660,,,953525,953887,pos,True,transposase,,COORDINATES: similar to AA sequence:RefSeq:WP_076611134.1,,EC1303_c08750,42,2,,,,
CDS_NZ_CP009166.1_953176_953512_pos,NZ_CP009166.1,EC1303_RS04520,WP_000947628.1,,953176,953512,pos,,DUF596 domain-containing protein,,COORDINATES: similar to AA sequence:RefSeq:WP_000947628.1,,EC1303_c08740,42,2,,,,
CDS_NZ_CP009166.1_4114449_4114827_pos,NZ_CP009166.1,EC1303_RS20150,WP_041124172.1,cbtA,4114449,4114827,pos,,type IV toxin-antitoxin system toxin CbtA,,COORDINATES: similar to AA sequence:RefSeq:NP_708772.1,,EC1303_c38790,43,4,18.0,4.0,10.0,4.0
CDS_NZ_CP009166.1_1229292_1229667_pos,NZ_CP009166.1,EC1303_RS05805,WP_001280952.1,,1229292,1229667,pos,,type IV toxin-antitoxin system YeeU family antitoxin,,COORDINATES: similar to AA sequence:RefSeq:NP_309432.1,,EC1303_c11230,43,4,18.0,4.0,10.0,4.0
CDS_NZ_CP009166.1_979940_980309_pos,NZ_CP009166.1,EC1303_RS04635,WP_001285484.1,,979940,980309,pos,,type IV toxin-antitoxin system YeeU family antitoxin,,COORDINATES: similar to AA sequence:RefSeq:WP_012816826.1,,EC1303_c08970,43,4,18.0,4.0,10.0,4.0
CDS_NZ_CP009166.1_2288234_2288603_pos,NZ_CP009166.1,EC1303_RS11385,WP_001285585.1,cbtA,2288234,2288603,pos,,type IV toxin-antitoxin system toxin CbtA,,COORDINATES: similar to AA sequence:RefSeq:NP_416508.1,,EC1303_c21840,43,4,18.0,4.0,10.0,4.0
CDS_NZ_CP009166.1_2002123_2004052_neg,NZ_CP009166.1,EC1303_RS09835,WP_001144202.1,thrS,2002123,2004052,neg,,threonine--tRNA ligase,,COORDINATES: similar to AA sequence:RefSeq:WP_006894721.1,6.1.1.3,EC1303_c18890,44,2,,,,
CDS_NZ_CP009166.1_2004575_2006475_pos,NZ_CP009166.1,EC1303_RS09840,,espL1,2004575,2006475,pos,True,type III secretion system effector EspL1,,COORDINATES: similar to AA sequence:RefSeq:NP_310454.1,,EC1303_c18900,44,2,,,,
CDS_NZ_CP009166.1_1355824_1356154_pos,NZ_CP009166.1,EC1303_RS06590,WP_000847332.1,,1355824,1356154,pos,,phage tail protein,,COORDINATES: similar to AA sequence:RefSeq:NP_309671.1,,EC1303_c12710,45,2,19.0,2.0,,
CDS_NZ_CP009166.1_4904708_4905038_pos,NZ_CP009166.1,EC1303_RS24045,WP_000847347.1,,4904708,4905038,pos,,phage tail protein,,COORDINATES: similar to AA sequence:RefSeq:NP_309671.1,,EC1303_c46210,45,2,19.0,2.0,,
CDS_NZ_CP009166.1_1208329_1208698_pos,NZ_CP009166.1,EC1303_RS29125,WP_047656238.1,,1208329,1208698,pos,,hypothetical protein,,COORDINATES: ab initio prediction:GeneMarkS-2+,,,46,3,,,,
CDS_NZ_CP009166.1_1208775_1209012_neg,NZ_CP009166.1,EC1303_RS05715,,,1208775,1209012,neg,True,hypothetical protein,,COORDINATES: similar to AA sequence:RefSeq:WP_000194040.1,,EC1303_c11060,46,3,,,,
CDS_NZ_CP009166.1_1209084_1211484_neg,NZ_CP009166.1,EC1303_RS05720,,,1209084,1211484,neg,True,adenosine deaminase,,COORDINATES: similar to AA sequence:RefSeq:WP_000439344.1,,EC1303_c11070,46,3,,,,
CDS_NZ_CP009166.1_732472_732799_pos,NZ_CP009166.1,EC1303_RS03465,WP_000873944.1,,732472,732799,pos,,hypothetical protein,,COORDINATES: similar to AA sequence:RefSeq:NP_415230.1,,EC1303_c06710,47,2,,,,
CDS_NZ_CP009166.1_732844_734350_pos,NZ_CP009166.1,EC1303_RS03470,,,732844,734350,pos,True,RHS repeat protein,,COORDINATES: similar to AA sequence:RefSeq:NP_308756.1,,EC1303_c06720,47,2,,,,
CDS_NZ_CP009166.1_3344031_3344917_neg,NZ_CP009166.1,EC1303_RS16400,,,3344031,3344917,neg,True,dienelactone hydrolase family protein,,COORDINATES: similar to AA sequence:RefSeq:NP_311911.3,,EC1303_c31510,48,2,,,,
CDS_NZ_CP009166.1_3343625_3343913_neg,NZ_CP009166.1,EC1303_RS16395,WP_001059136.1,,3343625,3343913,neg,,DUF2623 domain-containing protein,,COORDINATES: similar to AA sequence:RefSeq:NP_311910.1,,EC1303_c31500,48,2,,,,
CDS_NZ_CP009166.1_417810_418095_pos,NZ_CP009166.1,EC1303_RS01995,WP_000941942.1,ppnP,417810,418095,pos,,pyrimidine/purine nucleoside phosphorylase,,COORDINATES: similar to AA sequence:RefSeq:NP_308468.1,,EC1303_c03870,49,2,,,,
CDS_NZ_CP009166.1_418242_418584_pos,NZ_CP009166.1,EC1303_RS02000,,,418242,418584,pos,True,DUF2773 domain-containing protein,,COORDINATES: similar to AA sequence:RefSeq:NP_308469.2,,EC1303_c03880,49,2,,,,
CDS_NZ_CP009167.1_37821_38773_pos,NZ_CP009167.1,EC1303_RS29065,,,37821,38773,pos,True,IS66 family transposase,,COORDINATES: similar to AA sequence:RefSeq:WP_012904571.1,,EC1303_109p00320,50,2,,,,
CDS_NZ_CP009167.1_37525_37789_pos,NZ_CP009167.1,EC1303_RS24485,WP_001345816.1,tnpB,37525,37789,pos,,IS66 family insertion sequence element accessory protein TnpB,,COORDINATES: similar to AA sequence:RefSeq:NP_858246.1,,,50,2,,,,
CDS_NZ_CP009166.1_1185892_1187227_pos,NZ_CP009166.1,EC1303_RS05555,,,1185892,1187227,pos,True,VENN motif pre-toxin domain-containing protein,,COORDINATES: similar to AA sequence:RefSeq:WP_001501180.1,,EC1303_c10740,51,2,,,,
CDS_NZ_CP009166.1_1185582_1185846_pos,NZ_CP009166.1,EC1303_RS05550,WP_000118523.1,,1185582,1185846,pos,,hypothetical protein,,COORDINATES: similar to AA sequence:RefSeq:WP_000118523.1,,EC1303_c10730,51,2,,,,
CDS_NZ_CP009166.1_3304464_3304596_neg,NZ_CP009166.1,EC1303_RS28350,,,3304464,3304596,neg,True,IS3 family transposase,,COORDINATES: similar to AA sequence:RefSeq:WP_076612086.1,,,52,2,,,,
CDS_NZ_CP009166.1_3303887_3304145_pos,NZ_CP009166.1,EC1303_RS16200,WP_000555341.1,,3303887,3304145,pos,,hypothetical protein,,COORDINATES: similar to AA sequence:RefSeq:WP_016230781.1,,EC1303_c31140,52,2,,,,
CDS_NZ_CP009166.1_4067940_4068195_neg,NZ_CP009166.1,EC1303_RS29255,WP_001222075.1,,4067940,4068195,neg,,hypothetical protein,,COORDINATES: ab initio prediction:GeneMarkS-2+,,EC1303_c38320,53,2,,,,
CDS_NZ_CP009166.1_4068082_4068773_neg,NZ_CP009166.1,EC1303_RS19920,,,4068082,4068773,neg,True,adhesin,,COORDINATES: similar to AA sequence:RefSeq:WP_000369789.1,,EC1303_c38330,53,2,,,,
CDS_NZ_CP009166.1_3162558_3163739_neg,NZ_CP009166.1,EC1303_RS29345,,,3162558,3163739,neg,True,PrgH/EprH family type III secretion apparatus protein,,COORDINATES: similar to AA sequence:RefSeq:WP_001365813.1,,EC1303_c29780,54,2,,,,
CDS_NZ_CP009166.1_3162305_3162545_neg,NZ_CP009166.1,EC1303_RS15505,WP_000796272.1,,3162305,3162545,neg,,type III secretion system needle complex protein,,COORDINATES: similar to AA sequence:RefSeq:NP_311745.1,,EC1303_c29770,54,2,,,,
CDS_NZ_CP009167.1_62217_64176_pos,NZ_CP009167.1,EC1303_RS24630,WP_000117172.1,,62217,64176,pos,,ParB/RepB/Spo0J family partition protein,,COORDINATES: similar to AA sequence:RefSeq:NP_052657.1,,EC1303_109p00640,55,2,,,,
CDS_NZ_CP009167.1_64230_64664_pos,NZ_CP009167.1,EC1303_RS24635,,psiB,64230,64664,pos,True,conjugation system SOS inhibitor PsiB,,COORDINATES: similar to AA sequence:RefSeq:NP_052658.1,,EC1303_109p00650,55,2,,,,
CDS_NZ_CP009166.1_3048353_3050390_neg,NZ_CP009166.1,EC1303_RS14970,,,3048353,3050390,neg,True,CRISPR-associated helicase/endonuclease Cas3,,COORDINATES: similar to AA sequence:RefSeq:NP_311642.2,,EC1303_c28740,56,2,,,,
CDS_NZ_CP009166.1_3048120_3048354_neg,NZ_CP009166.1,EC1303_RS14965,WP_044060711.1,cas2,3048120,3048354,neg,,type I-E CRISPR-associated endoribonuclease Cas2,,COORDINATES: similar to AA sequence:RefSeq:WP_001641026.1,,EC1303_c28730,56,2,,,,
CDS_NZ_CP009166.1_2287939_2288161_pos,NZ_CP009166.1,EC1303_RS11380,WP_000692323.1,,2287939,2288161,pos,,DUF987 domain-containing protein,,COORDINATES: similar to AA sequence:RefSeq:NP_310831.1,,EC1303_c21830,57,4,20.0,4.0,11.0,4.0
CDS_NZ_CP009166.1_4114152_4114374_pos,NZ_CP009166.1,EC1303_RS20145,WP_000692307.1,,4114152,4114374,pos,,DUF987 domain-containing protein,,COORDINATES: similar to AA sequence:RefSeq:NP_309431.1,,EC1303_c38780,57,4,20.0,4.0,11.0,4.0
CDS_NZ_CP009166.1_979010_979232_pos,NZ_CP009166.1,EC1303_RS04625,WP_000692303.1,,979010,979232,pos,,DUF987 domain-containing protein,,COORDINATES: similar to AA sequence:RefSeq:NP_309431.1,,EC1303_c08950,57,4,20.0,4.0,11.0,4.0
CDS_NZ_CP009166.1_1228908_1229130_pos,NZ_CP009166.1,EC1303_RS05795,WP_041124083.1,,1228908,1229130,pos,,DUF987 domain-containing protein,,COORDINATES: similar to AA sequence:RefSeq:NP_309431.1,,EC1303_c11210,57,4,20.0,4.0,11.0,4.0
CDS_NZ_CP009166.1_4076894_4077113_pos,NZ_CP009166.1,EC1303_RS19965,WP_040081760.1,,4076894,4077113,pos,,hypothetical protein,,COORDINATES: ab initio prediction:GeneMarkS-2+,,EC1303_c38420,58,2,,,,
CDS_NZ_CP009166.1_4077362_4078654_neg,NZ_CP009166.1,EC1303_RS27275,,ltrA,4077362,4078654,neg,True,group II intron reverse transcriptase/maturase,,COORDINATES: similar to AA sequence:RefSeq:WP_001516490.1,,EC1303_c38430,58,2,,,,
CDS_NZ_CP009166.1_2955342_2957595_pos,NZ_CP009166.1,EC1303_RS29340,,,2955342,2957595,pos,True,hypothetical protein,,COORDINATES: similar to AA sequence:RefSeq:YP_008439272.1,,EC1303_c27780,59,3,,,,
CDS_NZ_CP009166.1_2952010_2952229_neg,NZ_CP009166.1,EC1303_RS26890,WP_071524906.1,,2952010,2952229,neg,,recombinase family protein,,COORDINATES: similar to AA sequence:RefSeq:WP_000340076.1,,,59,3,,,,
CDS_NZ_CP009166.1_2952583_2953957_neg,NZ_CP009166.1,EC1303_RS28880,,,2952583,2953957,neg,True,DUF5507 domain-containing protein,,COORDINATES: similar to AA sequence:RefSeq:WP_000961353.1,,,59,3,,,,
CDS_NZ_CP009166.1_1669785_1673157_pos,NZ_CP009166.1,EC1303_RS29435,,,1669785,1673157,pos,True,RHS repeat protein,,COORDINATES: similar to AA sequence:RefSeq:WP_001530200.1,,EC1303_c15620,60,3,,,,
CDS_NZ_CP009166.1_1668441_1669788_pos,NZ_CP009166.1,EC1303_RS29430,,tssI,1668441,1669788,pos,True,type VI secretion system tip protein VgrG,,COORDINATES: similar to AA sequence:RefSeq:NP_308634.1,,,60,3,,,,
CDS_NZ_CP009166.1_1667409_1667622_pos,NZ_CP009166.1,EC1303_RS08145,WP_000226995.1,,1667409,1667622,pos,,YncH family protein,,COORDINATES: similar to AA sequence:RefSeq:NP_415972.1,,EC1303_c15610,60,3,,,,
CDS_NZ_CP009166.1_1387128_1387347_pos,NZ_CP009166.1,EC1303_RS06750,WP_001065861.1,,1387128,1387347,pos,,hypothetical protein,,COORDINATES: similar to AA sequence:RefSeq:YP_588447.1,,EC1303_c13010,61,2,,,,
CDS_NZ_CP009166.1_1387746_1390394_pos,NZ_CP009166.1,EC1303_RS29315,,,1387746,1390394,pos,True,autotransporter outer membrane beta-barrel domain-containing protein,,COORDINATES: similar to AA sequence:RefSeq:WP_000768542.1,,EC1303_c13020,61,2,,,,
CDS_NZ_CP009166.1_1801747_1801963_neg,NZ_CP009166.1,EC1303_RS08755,WP_000839590.1,essD,1801747,1801963,neg,,phage lysis protein EssD,,COORDINATES: similar to AA sequence:RefSeq:NP_416074.4,,EC1303_c16760,62,2,21.0,2.0,,
CDS_NZ_CP009166.1_4888000_4888216_pos,NZ_CP009166.1,EC1303_RS23950,WP_000839596.1,essD,4888000,4888216,pos,,phage lysis protein EssD,,COORDINATES: similar to AA sequence:RefSeq:NP_415086.1,,EC1303_c46010,62,2,21.0,2.0,,
CDS_NZ_CP009166.1_4894041_4894248_pos,NZ_CP009166.1,EC1303_RS23980,WP_000259002.1,,4894041,4894248,pos,,head-tail joining protein,,COORDINATES: similar to AA sequence:RefSeq:NP_310761.1,,EC1303_c46080,63,2,22.0,2.0,,
CDS_NZ_CP009166.1_1345156_1345363_pos,NZ_CP009166.1,EC1303_RS06525,WP_000259002.1,,1345156,1345363,pos,,head-tail joining protein,,COORDINATES: similar to AA sequence:RefSeq:NP_310761.1,,EC1303_c12580,63,2,22.0,2.0,,
CDS_NZ_CP009166.1_1230587_1230785_pos,NZ_CP009166.1,EC1303_RS05820,WP_000839282.1,,1230587,1230785,pos,,DUF957 domain-containing protein,,COORDINATES: similar to AA sequence:RefSeq:NP_309435.1,,EC1303_c11260,64,3,23.0,3.0,12.0,3.0
CDS_NZ_CP009166.1_4115747_4115945_pos,NZ_CP009166.1,EC1303_RS20165,WP_000839249.1,,4115747,4115945,pos,,DUF957 domain-containing protein,,COORDINATES: similar to AA sequence:RefSeq:NP_309435.1,,EC1303_c38820,64,3,23.0,3.0,12.0,3.0
CDS_NZ_CP009166.1_981272_981470_pos,NZ_CP009166.1,EC1303_RS04650,WP_000839242.1,,981272,981470,pos,,DUF957 domain-containing protein,,COORDINATES: similar to AA sequence:RefSeq:NP_309435.1,,EC1303_c09000,64,3,23.0,3.0,12.0,3.0
CDS_NZ_CP009167.1_12884_13073_neg,NZ_CP009167.1,EC1303_RS24370,WP_000131420.1,,12884,13073,neg,,hypothetical protein,,COORDINATES: similar to AA sequence:RefSeq:WP_020219146.1,,,65,3,,,,
CDS_NZ_CP009167.1_13903_15367_pos,NZ_CP009167.1,EC1303_RS29460,,,13903,15367,pos,True,IS66 family transposase,,COORDINATES: similar to AA sequence:RefSeq:WP_015063040.1,,,65,3,,,,
CDS_NZ_CP009167.1_15427_15781_pos,NZ_CP009167.1,EC1303_RS29055,,,15427,15781,pos,True,IS3 family transposase,,COORDINATES: similar to AA sequence:RefSeq:WP_086558235.1,,,65,3,,,,
CDS_NZ_CP009166.1_4829364_4830027_neg,NZ_CP009166.1,EC1303_RS23605,,,4829364,4830027,neg,True,N-6 DNA methylase,,COORDINATES: similar to AA sequence:RefSeq:NP_313334.2,,EC1303_c45350,66,2,,,,
CDS_NZ_CP009166.1_4827601_4829365_neg,NZ_CP009166.1,EC1303_RS23600,WP_021571045.1,,4827601,4829365,neg,,restriction endonuclease subunit S,,COORDINATES: similar to AA sequence:RefSeq:WP_000110079.1,,EC1303_c45340,66,2,,,,
CDS_NZ_CP009166.1_1673804_1674949_pos,NZ_CP009166.1,EC1303_RS08165,,,1673804,1674949,pos,True,ISAs1 family transposase,,COORDINATES: similar to AA sequence:RefSeq:WP_000027427.1,,EC1303_c15640,67,2,,,,
CDS_NZ_CP009166.1_1673537_1673723_neg,NZ_CP009166.1,EC1303_RS28775,WP_120795385.1,,1673537,1673723,neg,,protein YncO,,COORDINATES: similar to AA sequence:RefSeq:YP_009518780.1,,,67,2,,,,
CDS_NZ_CP009166.1_539054_539225_neg,NZ_CP009166.1,EC1303_RS02550,,,539054,539225,neg,True,IS481 family transposase,,COORDINATES: similar to AA sequence:RefSeq:WP_014543172.1,,,68,2,,,,
CDS_NZ_CP009166.1_538360_538534_pos,NZ_CP009166.1,EC1303_RS29290,WP_001297301.1,,538360,538534,pos,,hypothetical protein,,COORDINATES: similar to AA sequence:RefSeq:WP_001297301.1,,,68,2,,,,
CDS_NZ_CP009167.1_65654_65813_pos,NZ_CP009167.1,EC1303_RS24650,WP_001302184.1,,65654,65813,pos,,type I toxin-antitoxin system Hok family toxin,,COORDINATES: similar to AA sequence:RefSeq:NP_052660.1,,EC1303_109p00680,69,2,,,,
CDS_NZ_CP009167.1_66050_66410_neg,NZ_CP009167.1,EC1303_RS29360,,,66050,66410,neg,True,hypothetical protein,,COORDINATES: similar to AA sequence:RefSeq:NP_052655.1,,EC1303_109p00690,69,2,,,,
CDS_NZ_CP009166.1_61208_61367_pos,NZ_CP009166.1,EC1303_RS29110,WP_001393554.1,,61208,61367,pos,,hypothetical protein,,COORDINATES: ab initio prediction:GeneMarkS-2+,,,70,2,,,,
CDS_NZ_CP009166.1_61383_61562_neg,NZ_CP009166.1,EC1303_RS28585,,,61383,61562,neg,True,IS4 family transposase,,COORDINATES: similar to AA sequence:RefSeq:WP_000244358.1,,,70,2,,,,
CDS_NZ_CP009166.1_1333679_1333976_pos,NZ_CP009166.1,EC1303_RS29415,,,1333679,1333976,pos,True,hypothetical protein,,COORDINATES: similar to AA sequence:RefSeq:WP_014639231.1,,,71,4,,,,
CDS_NZ_CP009166.1_1333284_1333440_pos,NZ_CP009166.1,EC1303_RS06440,WP_000813254.1,hokD,1333284,1333440,pos,,type I toxin-antitoxin system toxin HokD,,COORDINATES: similar to AA sequence:RefSeq:NP_416080.1,,EC1303_c12420,71,4,24.0,3.0,13.0,3.0
CDS_NZ_CP009168.1_9393_9549_neg,NZ_CP009168.1,EC1303_RS24945,WP_001352007.1,hokD,9393,9549,neg,,type I toxin-antitoxin system toxin HokD,,COORDINATES: similar to AA sequence:RefSeq:WP_000813244.1,,EC1303_95p00090,71,4,24.0,3.0,13.0,3.0
CDS_NZ_CP009166.1_1806496_1806652_neg,NZ_CP009166.1,EC1303_RS08790,WP_000813254.1,hokD,1806496,1806652,neg,,type I toxin-antitoxin system toxin HokD,,COORDINATES: similar to AA sequence:RefSeq:NP_416080.1,,EC1303_c16820,71,4,24.0,3.0,13.0,3.0
CDS_NZ_CP009166.1_607663_607816_pos,NZ_CP009166.1,EC1303_RS02855,WP_000956455.1,hokE,607663,607816,pos,,type I toxin-antitoxin system toxin HokE,,COORDINATES: similar to AA sequence:RefSeq:YP_025295.1,,,72,2,,,,
CDS_NZ_CP009166.1_607892_609005_pos,NZ_CP009166.1,EC1303_RS28635,,,607892,609005,pos,True,IS4-like element IS421 family transposase,,COORDINATES: similar to AA sequence:RefSeq:NP_414557.1,,EC1303_c05550,72,2,,,,
CDS_NZ_CP009166.1_1813654_1816126_pos,NZ_CP009166.1,EC1303_RS08850,WP_021570798.1,,1813654,1816126,pos,,exonuclease,,COORDINATES: similar to AA sequence:RefSeq:NP_310313.1,,EC1303_c16970,73,2,25.0,2.0,14.0,2.0
CDS_NZ_CP009166.1_1320369_1322841_neg,NZ_CP009166.1,EC1303_RS06330,WP_000048533.1,,1320369,1322841,neg,,exonuclease,,COORDINATES: similar to AA sequence:RefSeq:NP_309786.1,,EC1303_c12230,73,2,25.0,2.0,14.0,2.0
CDS_NZ_CP009166.1_3667543_3668728_neg,NZ_CP009166.1,EC1303_RS18125,WP_000031783.1,tuf,3667543,3668728,neg,,elongation factor Tu,,COORDINATES: similar to AA sequence:RefSeq:NP_312217.1,,EC1303_c34850,74,2,26.0,2.0,15.0,2.0
CDS_NZ_CP009166.1_4457315_4458500_pos,NZ_CP009166.1,EC1303_RS21845,WP_000031784.1,tuf,4457315,4458500,pos,,elongation factor Tu,,COORDINATES: similar to AA sequence:RefSeq:NP_312930.1,,EC1303_c42000,74,2,26.0,2.0,15.0,2.0
CDS_NZ_CP009166.1_924700_925909_pos,NZ_CP009166.1,EC1303_RS04425,WP_041124059.1,,924700,925909,pos,,tyrosine-type recombinase/integrase,,COORDINATES: similar to AA sequence:RefSeq:WP_000279862.1,,EC1303_c08540,75,2,27.0,2.0,,
CDS_NZ_CP009166.1_1153445_1154648_pos,NZ_CP009166.1,EC1303_RS05435,WP_000279872.1,,1153445,1154648,pos,,tyrosine-type recombinase/integrase,,COORDINATES: similar to AA sequence:RefSeq:NP_309326.1,,EC1303_c10500,75,2,27.0,2.0,,
CDS_NZ_CP009166.1_1813185_1813374_pos,NZ_CP009166.1,EC1303_RS08840,WP_000854559.1,dicB,1813185,1813374,pos,,cell division inhibition protein DicB,,COORDINATES: similar to AA sequence:RefSeq:NP_416092.1,,EC1303_c16950,76,2,28.0,2.0,16.0,2.0
CDS_NZ_CP009166.1_1323127_1323310_neg,NZ_CP009166.1,EC1303_RS06340,WP_000449182.1,,1323127,1323310,neg,,cell division inhibition protein DicB,,COORDINATES: similar to AA sequence:RefSeq:NP_309788.1,,EC1303_c12250,76,2,28.0,2.0,16.0,2.0
CDS_NZ_CP009166.1_1621353_1622670_pos,NZ_CP009166.1,EC1303_RS07905,,,1621353,1622670,pos,True,phosphatase PAP2/dual specificity phosphatase family protein,,COORDINATES: similar to AA sequence:RefSeq:NP_310040.2,,EC1303_c15160,77,2,,,,
CDS_NZ_CP009166.1_1619606_1621364_pos,NZ_CP009166.1,EC1303_RS07900,WP_000431845.1,,1619606,1621364,pos,,bifunctional alpha/beta hydrolase/class I SAM-dependent methyltransferase,,COORDINATES: similar to AA sequence:RefSeq:NP_415928.1,,EC1303_c15150,77,2,,,,
CDS_NZ_CP009166.1_4892129_4894058_pos,NZ_CP009166.1,EC1303_RS23975,WP_001349605.1,,4892129,4894058,pos,,phage terminase large subunit family protein,,COORDINATES: similar to AA sequence:RefSeq:WP_000622379.1,,EC1303_c46070,78,2,29.0,2.0,,
CDS_NZ_CP009166.1_1343244_1345173_pos,NZ_CP009166.1,EC1303_RS06520,WP_040082782.1,,1343244,1345173,pos,,phage terminase large subunit family protein,,COORDINATES: similar to AA sequence:RefSeq:NP_310762.1,,EC1303_c12570,78,2,29.0,2.0,,
CDS_NZ_CP009168.1_28950_29523_pos,NZ_CP009168.1,EC1303_RS25045,WP_001165547.1,,28950,29523,pos,,recombinase family protein,,COORDINATES: similar to AA sequence:RefSeq:WP_001165547.1,,EC1303_95p00320,79,2,30.0,2.0,17.0,2.0
CDS_NZ_CP009166.1_1985531_1986131_pos,NZ_CP009166.1,EC1303_RS09740,WP_041124105.1,,1985531,1986131,pos,,recombinase family protein,,COORDINATES: similar to AA sequence:RefSeq:WP_000905087.1,,EC1303_c18720,79,2,30.0,2.0,17.0,2.0
CDS_NZ_CP009166.1_3815823_3820059_pos,NZ_CP009166.1,EC1303_RS18840,WP_041124143.1,rhsB,3815823,3820059,pos,,rhs element protein RhsB,,COORDINATES: similar to AA sequence:RefSeq:YP_026224.1,,EC1303_c36240,80,3,31.0,3.0,18.0,3.0
CDS_NZ_CP009166.1_728279_732473_pos,NZ_CP009166.1,EC1303_RS03460,WP_041124051.1,rhsC,728279,732473,pos,,rhs element protein RhsC,,COORDINATES: similar to AA sequence:RefSeq:NP_415229.1,,EC1303_c06700,80,3,31.0,3.0,18.0,3.0
CDS_NZ_CP009166.1_3959568_3963678_pos,NZ_CP009166.1,EC1303_RS19465,WP_041124147.1,,3959568,3963678,pos,,RHS domain-containing protein,,COORDINATES: similar to AA sequence:RefSeq:NP_418050.1,,EC1303_c37390,80,3,31.0,3.0,18.0,3.0
CDS_NZ_CP009166.1_4084381_4084720_neg,NZ_CP009166.1,EC1303_RS20010,WP_001003690.1,,4084381,4084720,neg,,hypothetical protein,,COORDINATES: similar to AA sequence:RefSeq:WP_001003690.1,,EC1303_c38500,81,2,32.0,2.0,19.0,2.0
CDS_NZ_CP009166.1_1183229_1183607_pos,NZ_CP009166.1,EC1303_RS05530,WP_001003689.1,,1183229,1183607,pos,,hypothetical protein,,COORDINATES: similar to AA sequence:RefSeq:WP_001003689.1,,EC1303_c10690,81,2,32.0,2.0,19.0,2.0
CDS_NZ_CP009166.1_4501770_4503956_neg,NZ_CP009166.1,EC1303_RS27470,,espL4,4501770,4503956,neg,True,type III secretion system effector EspL4,,COORDINATES: similar to AA sequence:RefSeq:NP_418441.1,,EC1303_c42380,82,2,,,,
CDS_NZ_CP009166.1_4500065_4501802_pos,NZ_CP009166.1,EC1303_RS22030,WP_001137220.1,aceK,4500065,4501802,pos,,bifunctional isocitrate dehydrogenase kinase/phosphatase,,COORDINATES: similar to AA sequence:RefSeq:NP_418440.1,2.7.11.5,EC1303_c42370,82,2,,,,
CDS_NZ_CP009166.1_1167924_1169691_pos,NZ_CP009166.1,EC1303_RS05490,WP_001200020.1,,1167924,1169691,pos,,ShlB/FhaC/HecB family hemolysin secretion/activation protein,,COORDINATES: similar to AA sequence:RefSeq:WP_020231833.1,,EC1303_c10610,83,3,33.0,3.0,,
CDS_NZ_CP009166.1_936317_938084_pos,NZ_CP009166.1,EC1303_RS04465,WP_041124062.1,,936317,938084,pos,,ShlB/FhaC/HecB family hemolysin secretion/activation protein,,COORDINATES: similar to AA sequence:RefSeq:WP_020231833.1,,EC1303_c08630,83,3,33.0,3.0,,
CDS_NZ_CP009166.1_4094757_4096524_neg,NZ_CP009166.1,EC1303_RS20020,WP_041124164.1,,4094757,4096524,neg,,ShlB/FhaC/HecB family hemolysin secretion/activation protein,,COORDINATES: similar to AA sequence:RefSeq:WP_020231833.1,,EC1303_c38520,83,3,33.0,3.0,,
CDS_NZ_CP009166.1_2280170_2282567_pos,NZ_CP009166.1,EC1303_RS11340,WP_000544732.1,,2280170,2282567,pos,,dynamin family protein,,COORDINATES: similar to AA sequence:RefSeq:NP_309424.1,,EC1303_c21750,84,2,34.0,2.0,20.0,2.0
CDS_NZ_CP009166.1_1221989_1224374_pos,NZ_CP009166.1,EC1303_RS05755,WP_000544695.1,,1221989,1224374,pos,,dynamin family protein,,COORDINATES: similar to AA sequence:RefSeq:NP_309424.1,,EC1303_c11140,84,2,34.0,2.0,20.0,2.0
CDS_NZ_CP009166.1_2430601_2431341_pos,NZ_CP009166.1,EC1303_RS11995,,mlrA,2430601,2431341,pos,True,HTH-type transcriptional regulator MlrA,,COORDINATES: similar to AA sequence:RefSeq:NP_416631.1,,EC1303_c23060,85,2,,,,
CDS_NZ_CP009166.1_2428694_2430380_neg,NZ_CP009166.1,EC1303_RS11990,WP_001295431.1,btsS,2428694,2430380,neg,,two-component regulatory system sensor histidine kinase BtsS,,COORDINATES: similar to AA sequence:RefSeq:NP_416630.1,,EC1303_c23050,85,2,,,,
CDS_NZ_CP009167.1_28838_30452_pos,NZ_CP009167.1,EC1303_RS24440,WP_000080195.1,,28838,30452,pos,,IS66-like element ISEc23 family transposase,,COORDINATES: similar to AA sequence:RefSeq:WP_000080195.1,,EC1303_109p00240,86,2,35.0,2.0,,
CDS_NZ_CP009167.1_104801_106415_pos,NZ_CP009167.1,EC1303_RS24880,WP_000080195.1,,104801,106415,pos,,IS66-like element ISEc23 family transposase,,COORDINATES: similar to AA sequence:RefSeq:WP_000080195.1,,EC1303_109p01130,86,2,35.0,2.0,,
CDS_NZ_CP009166.1_1345359_1346952_pos,NZ_CP009166.1,EC1303_RS06530,WP_040082780.1,,1345359,1346952,pos,,phage portal protein,,COORDINATES: similar to AA sequence:RefSeq:NP_309134.1,,EC1303_c12590,87,2,36.0,2.0,,
CDS_NZ_CP009166.1_4894244_4895837_pos,NZ_CP009166.1,EC1303_RS23985,WP_000831760.1,,4894244,4895837,pos,,phage portal protein,,COORDINATES: similar to AA sequence:RefSeq:NP_309134.1,,EC1303_c46090,87,2,36.0,2.0,,
CDS_NZ_CP009166.1_1703971_1705522_neg,NZ_CP009166.1,EC1303_RS08305,WP_000830550.1,,1703971,1705522,neg,,ABC transporter substrate-binding protein,,COORDINATES: similar to AA sequence:RefSeq:NP_416004.1,,EC1303_c15910,88,2,,,,
CDS_NZ_CP009166.1_1705535_1705795_neg,NZ_CP009166.1,EC1303_RS08310,,,1705535,1705795,neg,True,hypothetical protein,,COORDINATES: similar to AA sequence:RefSeq:NP_416005.1,,,88,2,,,,
CDS_NZ_CP009166.1_3759411_3760917_pos,NZ_CP009166.1,EC1303_RS18565,WP_021570972.1,glpD,3759411,3760917,pos,,glycerol-3-phosphate dehydrogenase,,COORDINATES: similar to AA sequence:RefSeq:NP_417884.1,1.1.5.3,EC1303_c35710,89,2,,,,
CDS_NZ_CP009166.1_3761185_3761407_neg,NZ_CP009166.1,EC1303_RS18570,,,3761185,3761407,neg,True,phosphate ABC transporter substrate-binding protein,,COORDINATES: similar to AA sequence:RefSeq:NP_312299.2,,EC1303_c35720,89,2,,,,
CDS_NZ_CP009166.1_4627018_4628665_neg,NZ_CP009166.1,EC1303_RS22605,WP_000066707.1,fumB,4627018,4628665,neg,,class I fumarate hydratase,,COORDINATES: similar to AA sequence:RefSeq:NP_418546.1,4.2.1.2,EC1303_c43460,90,2,37.0,2.0,21.0,2.0
CDS_NZ_CP009166.1_1851788_1853435_neg,NZ_CP009166.1,EC1303_RS09030,WP_000066639.1,fumB,1851788,1853435,neg,,class I fumarate hydratase,,COORDINATES: similar to AA sequence:RefSeq:WP_000066594.1,4.2.1.2,EC1303_c17340,90,2,37.0,2.0,21.0,2.0
CDS_NZ_CP009167.1_31765_33253_pos,NZ_CP009167.1,EC1303_RS24450,WP_072165818.1,,31765,33253,pos,,alpha/beta hydrolase,,COORDINATES: similar to AA sequence:RefSeq:NP_309689.1,,EC1303_109p00260,91,2,,,,
CDS_NZ_CP009167.1_33628_33889_pos,NZ_CP009167.1,EC1303_RS28475,,,33628,33889,pos,True,hypothetical protein,,COORDINATES: similar to AA sequence:RefSeq:WP_001312821.1,,EC1303_109p00270,91,2,,,,
CDS_NZ_CP009166.1_1785769_1787230_neg,NZ_CP009166.1,EC1303_RS08645,WP_000527809.1,,1785769,1787230,neg,,mannitol dehydrogenase family protein,,COORDINATES: similar to AA sequence:RefSeq:NP_416060.1,,EC1303_c16550,92,2,,,,
CDS_NZ_CP009166.1_1787318_1788602_neg,NZ_CP009166.1,EC1303_RS08650,,ydfJ,1787318,1788602,neg,True,MHS family MFS transporter YdfJ,,COORDINATES: similar to AA sequence:RefSeq:WP_000582800.1,,EC1303_c16560,92,2,,,,
CDS_NZ_CP009166.1_1346941_1348447_pos,NZ_CP009166.1,EC1303_RS06535,WP_040082778.1,,1346941,1348447,pos,,S49 family peptidase,,COORDINATES: similar to AA sequence:RefSeq:NP_309135.1,,EC1303_c12600,93,2,38.0,2.0,22.0,2.0
CDS_NZ_CP009166.1_4895826_4897332_pos,NZ_CP009166.1,EC1303_RS23990,WP_001253910.1,,4895826,4897332,pos,,S49 family peptidase,,COORDINATES: similar to AA sequence:RefSeq:NP_309135.1,,EC1303_c46100,93,2,38.0,2.0,22.0,2.0
CDS_NZ_CP009166.1_1630181_1631182_neg,NZ_CP009166.1,EC1303_RS28770,,gap,1630181,1631182,neg,True,type I glyceraldehyde-3-phosphate dehydrogenase,,COORDINATES: similar to AA sequence:RefSeq:NP_310049.1,,EC1303_c15210,94,2,,,,
CDS_NZ_CP009166.1_1628700_1630140_pos,NZ_CP009166.1,EC1303_RS07925,WP_000115943.1,aldA,1628700,1630140,pos,,aldehyde dehydrogenase,,COORDINATES: similar to AA sequence:RefSeq:NP_415933.1,,EC1303_c15200,94,2,,,,
CDS_NZ_CP009166.1_3861613_3863014_neg,NZ_CP009166.1,EC1303_RS19035,WP_000372240.1,,3861613,3863014,neg,,glutamate decarboxylase,,COORDINATES: similar to AA sequence:RefSeq:NP_417974.1,4.1.1.15,EC1303_c36590,95,2,39.0,2.0,23.0,2.0
CDS_NZ_CP009166.1_1713363_1714764_neg,NZ_CP009166.1,EC1303_RS08335,WP_000358930.1,,1713363,1714764,neg,,glutamate decarboxylase,,COORDINATES: similar to AA sequence:RefSeq:NP_310125.1,4.1.1.15,EC1303_c15960,95,2,39.0,2.0,23.0,2.0
CDS_NZ_CP009166.1_1748484_1749885_neg,NZ_CP009166.1,EC1303_RS28795,WP_001083595.1,,1748484,1749885,neg,,autotransporter outer membrane beta-barrel domain-containing protein,,COORDINATES: protein motif:HMM:TIGR01414.1,,,96,2,,,,
CDS_NZ_CP009166.1_1749881_1753905_neg,NZ_CP009166.1,EC1303_RS25550,,,1749881,1753905,neg,True,autotransporter barrel domain-containing lipoprotein,,COORDINATES: similar to AA sequence:RefSeq:NP_310144.1,,EC1303_c16210,96,2,,,,
CDS_NZ_CP009166.1_4634538_4636056_neg,NZ_CP009166.1,EC1303_RS22655,WP_001295074.1,lysS,4634538,4636056,neg,,lysine--tRNA ligase,,COORDINATES: similar to AA sequence:RefSeq:WP_001740376.1,6.1.1.6,EC1303_c43540,97,2,40.0,2.0,,
CDS_NZ_CP009166.1_3205191_3206709_neg,NZ_CP009166.1,EC1303_RS15700,WP_001618837.1,lysS,3205191,3206709,neg,,lysine--tRNA ligase,,COORDINATES: similar to AA sequence:RefSeq:WP_001740376.1,6.1.1.6,EC1303_c30140,97,2,40.0,2.0,,
CDS_NZ_CP009166.1_2061737_2062814_neg,NZ_CP009166.1,EC1303_RS26550,,,2061737,2062814,neg,True,zinc-binding dehydrogenase,,COORDINATES: similar to AA sequence:RefSeq:NP_416290.1,,EC1303_c19460,98,2,,,,
CDS_NZ_CP009166.1_2060331_2061711_neg,NZ_CP009166.1,EC1303_RS10130,WP_000435295.1,,2060331,2061711,neg,,MFS transporter,,COORDINATES: similar to AA sequence:RefSeq:NP_416289.1,,EC1303_c19450,98,2,,,,
CDS_NZ_CP009166.1_3307614_3308361_pos,NZ_CP009166.1,EC1303_RS25575,,,3307614,3308361,pos,True,AIDA repeat-containing protein,,COORDINATES: similar to AA sequence:RefSeq:YP_026164.1,,,99,4,,,,
CDS_NZ_CP009166.1_3308360_3309533_neg,NZ_CP009166.1,EC1303_RS28355,,,3308360,3309533,neg,True,Accessory colonization factor AcfD,,COORDINATES: similar to AA sequence:RefSeq:YP_026189.1,,EC1303_c31180,99,4,,,,
CDS_NZ_CP009166.1_3304876_3306235_pos,NZ_CP009166.1,EC1303_RS16210,WP_021570942.1,,3304876,3306235,pos,,esterase-like activity of phytase family protein,,COORDINATES: similar to AA sequence:RefSeq:WP_000823236.1,,EC1303_c31160,99,4,,,,
CDS_NZ_CP009166.1_3306473_3307610_neg,NZ_CP009166.1,EC1303_RS16215,,,3306473,3307610,neg,True,IS66 family transposase,,COORDINATES: similar to AA sequence:RefSeq:WP_000998048.1,,EC1303_c31170,99,4,,,,
CDS_NZ_CP009166.1_245046_248382_pos,NZ_CP009166.1,EC1303_RS29115,,,245046,248382,pos,True,RHS repeat protein,,COORDINATES: similar to AA sequence:RefSeq:WP_001763881.1,,EC1303_c02190,100,3,,,,
CDS_NZ_CP009166.1_242380_243733_neg,NZ_CP009166.1,EC1303_RS01120,WP_032222929.1,,242380,243733,neg,,type VI secretion system ImpA family N-terminal domain-containing protein,,COORDINATES: similar to AA sequence:RefSeq:WP_001087757.1,,EC1303_c02170,100,3,,,,
CDS_NZ_CP009166.1_243743_245048_neg,NZ_CP009166.1,EC1303_RS01125,,,243743,245048,neg,True,type VI secretion system membrane subunit TssM,,COORDINATES: similar to AA sequence:RefSeq:NP_308245.2,,EC1303_c02180,100,3,,,,
CDS_NZ_CP009166.1_1687602_1688933_neg,NZ_CP009166.1,EC1303_RS08220,,,1687602,1688933,neg,True,leucine-rich repeat domain-containing protein,,COORDINATES: similar to AA sequence:RefSeq:WP_000627100.1,,EC1303_c15750,101,2,,,,
CDS_NZ_CP009166.1_1685890_1687279_neg,NZ_CP009166.1,EC1303_RS08215,WP_001207905.1,narU,1685890,1687279,neg,,nitrate/nitrite transporter NarU,,COORDINATES: similar to AA sequence:RefSeq:NP_415986.1,,EC1303_c15740,101,2,,,,
CDS_NZ_CP009166.1_1809792_1811106_neg,NZ_CP009166.1,EC1303_RS08820,WP_000589005.1,,1809792,1811106,neg,,ISNCY family transposase,,COORDINATES: similar to AA sequence:RefSeq:WP_001481272.1,,EC1303_c16890,102,2,,,,
CDS_NZ_CP009166.1_1811874_1812162_neg,NZ_CP009166.1,EC1303_RS29445,,,1811874,1812162,neg,True,hypothetical protein,,COORDINATES: similar to AA sequence:RefSeq:WP_001689479.1,,,102,2,,,,
CDS_NZ_CP009166.1_4044365_4045706_pos,NZ_CP009166.1,EC1303_RS19830,WP_041124226.1,,4044365,4045706,pos,,GGDEF domain-containing protein,,"COORDINATES: protein motif:HMM:NF028467.1 HMM:TIGR00254.1",,EC1303_c38130,103,2,,,,
CDS_NZ_CP009166.1_4046071_4046728_neg,NZ_CP009166.1,EC1303_RS19835,,,4046071,4046728,neg,True,EcsC family protein,,COORDINATES: similar to AA sequence:RefSeq:WP_000131421.1,,EC1303_c38140,103,2,,,,
CDS_NZ_CP009166.1_4618505_4619267_neg,NZ_CP009166.1,EC1303_RS22570,,adiY,4618505,4619267,neg,True,DNA-binding transcriptional activator AdiY,,COORDINATES: similar to AA sequence:RefSeq:NP_418540.1,,EC1303_c43400,104,2,,,,
CDS_NZ_CP009166.1_4617031_4618369_neg,NZ_CP009166.1,EC1303_RS22565,WP_000093154.1,adiC,4617031,4618369,neg,,arginine/agmatine antiporter,,COORDINATES: similar to AA sequence:RefSeq:NP_313124.1,,EC1303_c43390,104,2,,,,
CDS_NZ_CP009166.1_4112196_4113015_pos,NZ_CP009166.1,EC1303_RS20130,WP_041124169.1,,4112196,4113015,pos,,DUF945 domain-containing protein,,COORDINATES: similar to AA sequence:RefSeq:NP_708768.1,,EC1303_c38750,105,4,41.0,4.0,24.0,4.0
CDS_NZ_CP009166.1_1226711_1227530_pos,NZ_CP009166.1,EC1303_RS05775,WP_001234621.1,,1226711,1227530,pos,,DUF945 domain-containing protein,,COORDINATES: similar to AA sequence:RefSeq:NP_708768.1,,EC1303_c11170,105,4,41.0,4.0,24.0,4.0
CDS_NZ_CP009166.1_2286002_2286824_pos,NZ_CP009166.1,EC1303_RS11365,WP_024198033.1,,2286002,2286824,pos,,DUF945 domain-containing protein,,COORDINATES: similar to AA sequence:RefSeq:NP_310828.1,,EC1303_c21800,105,4,41.0,4.0,24.0,4.0
CDS_NZ_CP009166.1_977055_977874_pos,NZ_CP009166.1,EC1303_RS04610,WP_001234691.1,,977055,977874,pos,,DUF945 domain-containing protein,,COORDINATES: similar to AA sequence:RefSeq:NP_708768.1,,EC1303_c08920,105,4,41.0,4.0,24.0,4.0
CDS_NZ_CP009166.1_3281271_3282534_pos,NZ_CP009166.1,EC1303_RS16080,WP_001218861.1,,3281271,3282534,pos,,integrase arm-type DNA-binding domain-containing protein,,COORDINATES: similar to AA sequence:RefSeq:NP_311870.1,,EC1303_c30900,106,2,,,,
CDS_NZ_CP009166.1_3282719_3283416_neg,NZ_CP009166.1,EC1303_RS28330,,,3282719,3283416,neg,True,IS1 family transposase,,COORDINATES: similar to AA sequence:RefSeq:WP_076612230.1,,,106,2,,,,
CDS_NZ_CP009166.1_308474_308813_neg,NZ_CP009166.1,EC1303_RS01475,,,308474,308813,neg,True,LysR family transcriptional regulator,,COORDINATES: similar to AA sequence:RefSeq:NP_308332.2,,EC1303_c02880,107,2,,,,
CDS_NZ_CP009166.1_306904_308158_pos,NZ_CP009166.1,EC1303_RS01465,WP_000893278.1,proA,306904,308158,pos,,glutamate-5-semialdehyde dehydrogenase,,COORDINATES: similar to AA sequence:RefSeq:NP_414778.1,1.2.1.41,EC1303_c02860,107,2,,,,
CDS_NZ_CP009166.1_1189699_1190908_pos,NZ_CP009166.1,EC1303_RS05590,WP_001303003.1,,1189699,1190908,pos,,IS4-like element ISVsa5 family transposase,,COORDINATES: similar to AA sequence:RefSeq:WP_001339197.1,,EC1303_c10810,108,2,42.0,2.0,,
CDS_NZ_CP009166.1_1197423_1198632_neg,NZ_CP009166.1,EC1303_RS05635,WP_001303007.1,,1197423,1198632,neg,,IS4-like element ISVsa5 family transposase,,COORDINATES: similar to AA sequence:RefSeq:WP_001339197.1,,EC1303_c10910,108,2,42.0,2.0,,
CDS_NZ_CP009166.1_3290648_3291467_neg,NZ_CP009166.1,EC1303_RS25765,,capU,3290648,3291467,neg,True,putative hexosyltransferase CapU,,COORDINATES: similar to AA sequence:RefSeq:NP_858369.1,,EC1303_c30980,109,12,,,,
CDS_NZ_CP009166.1_1808572_1809735_pos,NZ_CP009166.1,EC1303_RS08815,WP_089566769.1,,1808572,1809735,pos,,IS3-like element IS3 family transposase,,COORDINATES: similar to AA sequence:RefSeq:WP_012477168.1,,EC1303_c16880,109,12,43.0,7.0,,
CDS_NZ_CP009166.1_1151392_1151734_pos,NZ_CP009166.1,EC1303_RS05420,,,1151392,1151734,pos,True,ACP S-malonyltransferase,,COORDINATES: similar to AA sequence:RefSeq:NP_309324.2,,EC1303_c10470,109,12,,,,
CDS_NZ_CP009166.1_540480_540681_neg,NZ_CP009166.1,EC1303_RS02565,,,540480,540681,neg,True,helix-turn-helix domain-containing protein,,COORDINATES: similar to AA sequence:RefSeq:WP_011920327.1,,EC1303_c04970,109,12,,,,
CDS_NZ_CP009166.1_4831285_4831771_neg,NZ_CP009166.1,EC1303_RS23620,,,4831285,4831771,neg,True,type I restriction enzyme HsdR N-terminal domain-containing protein,,COORDINATES: similar to AA sequence:RefSeq:NP_313335.1,,EC1303_c45380,109,12,,,,
CDS_NZ_CP009166.1_3483032_3483230_pos,NZ_CP009166.1,EC1303_RS17105,,,3483032,3483230,pos,True,PTS sugar transporter subunit IIB,,COORDINATES: similar to AA sequence:RefSeq:NP_312045.1,,EC1303_c32860,109,12,,,,
CDS_NZ_CP009166.1_4830092_4831255_pos,NZ_CP009166.1,EC1303_RS23615,WP_089566769.1,,4830092,4831255,pos,,IS3-like element IS3 family transposase,,COORDINATES: similar to AA sequence:RefSeq:WP_012477168.1,,EC1303_c45370,109,12,43.0,7.0,,
CDS_NZ_CP009166.1_1150162_1151325_neg,NZ_CP009166.1,EC1303_RS05410,WP_103852365.1,,1150162,1151325,neg,,IS3-like element IS3 family transposase,,COORDINATES: similar to AA sequence:RefSeq:WP_012477168.1,,EC1303_c10450,109,12,43.0,7.0,,
CDS_NZ_CP009166.1_1340885_1342048_pos,NZ_CP009166.1,EC1303_RS06510,WP_144318840.1,,1340885,1342048,pos,,IS3 family transposase,,COORDINATES: similar to AA sequence:RefSeq:WP_012477168.1,,EC1303_c12550,109,12,43.0,7.0,,
CDS_NZ_CP009166.1_3481839_3483002_pos,NZ_CP009166.1,EC1303_RS17100,WP_144318841.1,,3481839,3483002,pos,,IS3 family transposase,,COORDINATES: similar to AA sequence:RefSeq:WP_012477168.1,,EC1303_c32850,109,12,43.0,7.0,,
CDS_NZ_CP009166.1_539253_540416_neg,NZ_CP009166.1,EC1303_RS02555,WP_089566769.1,,539253,540416,neg,,IS3-like element IS3 family transposase,,COORDINATES: similar to AA sequence:RefSeq:WP_012477168.1,,EC1303_c04950,109,12,43.0,7.0,,
CDS_NZ_CP009166.1_3289455_3290618_pos,NZ_CP009166.1,EC1303_RS16120,WP_089566769.1,,3289455,3290618,pos,,IS3-like element IS3 family transposase,,COORDINATES: similar to AA sequence:RefSeq:WP_012477168.1,,EC1303_c30970,109,12,43.0,7.0,,
CDS_NZ_CP009166.1_1197288_1197408_pos,NZ_CP009166.1,EC1303_RS26250,,,1197288,1197408,pos,True,LysR family transcriptional regulator,,COORDINATES: similar to AA sequence:RefSeq:YP_005227464.1,,EC1303_c10900,110,2,,,,
CDS_NZ_CP009166.1_1195852_1197058_pos,NZ_CP009166.1,EC1303_RS05630,WP_000599533.1,gltS,1195852,1197058,pos,,sodium/glutamate symporter,,COORDINATES: similar to AA sequence:RefSeq:WP_000599530.1,,EC1303_c10890,110,2,,,,
CDS_NZ_CP009166.1_3708458_3708821_neg,NZ_CP009166.1,EC1303_RS18345,,,3708458,3708821,neg,True,PRD domain-containing protein,,COORDINATES: similar to AA sequence:RefSeq:NP_417841.2,,EC1303_c35280,111,2,,,,
CDS_NZ_CP009166.1_3707211_3708375_neg,NZ_CP009166.1,EC1303_RS18340,WP_032223905.1,,3707211,3708375,neg,,YhfX family PLP-dependent enzyme,,COORDINATES: similar to AA sequence:RefSeq:NP_709154.1,,EC1303_c35270,111,2,,,,
CDS_NZ_CP009166.1_4082922_4084080_neg,NZ_CP009166.1,EC1303_RS28975,WP_073994981.1,,4082922,4084080,neg,,VENN motif pre-toxin domain-containing protein,,COORDINATES: similar to AA sequence:RefSeq:WP_001385946.1,,EC1303_c38490,112,2,,,,
CDS_NZ_CP009166.1_4084076_4084190_neg,NZ_CP009166.1,EC1303_RS28980,,,4084076,4084190,neg,True,IS66 family insertion sequence element accessory protein TnpB,,COORDINATES: similar to AA sequence:RefSeq:NP_309369.1,,,112,2,,,,
CDS_NZ_CP009166.1_3821009_3822146_pos,NZ_CP009166.1,EC1303_RS18855,WP_000420980.1,,3821009,3822146,pos,,ISAs1-like element ISEc1 family transposase,,COORDINATES: similar to AA sequence:RefSeq:WP_000420980.1,,EC1303_c36270,113,4,44.0,4.0,,
CDS_NZ_CP009166.1_582817_583954_neg,NZ_CP009166.1,EC1303_RS02755,WP_000420966.1,,582817,583954,neg,,ISAs1 family transposase,,COORDINATES: similar to AA sequence:RefSeq:WP_000420980.1,,EC1303_c05350,113,4,44.0,4.0,,
CDS_NZ_CP009166.1_1675034_1676171_pos,NZ_CP009166.1,EC1303_RS08170,WP_000420959.1,,1675034,1676171,pos,,ISAs1 family transposase,,COORDINATES: similar to AA sequence:RefSeq:WP_000421020.1,,EC1303_c15650,113,4,44.0,4.0,,
CDS_NZ_CP009166.1_249182_250319_pos,NZ_CP009166.1,EC1303_RS01140,WP_032227780.1,,249182,250319,pos,,ISAs1 family transposase,,COORDINATES: similar to AA sequence:RefSeq:WP_000420980.1,,EC1303_c02210,113,4,44.0,4.0,,
CDS_NZ_CP009166.1_1361686_1362826_pos,NZ_CP009166.1,EC1303_RS06615,,,1361686,1362826,pos,True,prophage tail fiber N-terminal domain-containing protein,,COORDINATES: similar to AA sequence:RefSeq:NP_415890.2,,,114,3,,,,
CDS_NZ_CP009166.1_4907114_4910510_pos,NZ_CP009166.1,EC1303_RS24065,WP_041124206.1,,4907114,4910510,pos,,host specificity protein J,,COORDINATES: similar to AA sequence:RefSeq:NP_309675.1,,EC1303_c46250,114,3,45.0,2.0,25.0,2.0
CDS_NZ_CP009166.1_1358229_1361628_pos,NZ_CP009166.1,EC1303_RS06610,WP_041124091.1,,1358229,1361628,pos,,host specificity protein J,,COORDINATES: similar to AA sequence:RefSeq:NP_309675.1,,EC1303_c12750,114,3,45.0,2.0,25.0,2.0
CDS_NZ_CP009166.1_2083393_2084479_pos,NZ_CP009166.1,EC1303_RS10265,WP_021570819.1,dmlA,2083393,2084479,pos,,multifunctional D-malate/3-isopropylmalate/tartarate dehydrogenase,,COORDINATES: similar to AA sequence:RefSeq:NP_416314.1,1.1.1.83,EC1303_c19720,115,2,,,,
CDS_NZ_CP009166.1_2084633_2086115_pos,NZ_CP009166.1,EC1303_RS10270,,yeaV,2084633,2086115,pos,True,BCCT family transporter YeaV,,COORDINATES: similar to AA sequence:RefSeq:NP_310537.2,,EC1303_c19730,115,2,,,,
CDS_NZ_CP009166.1_4151177_4152389_neg,NZ_CP009166.1,EC1303_RS20360,,,4151177,4152389,neg,True,MFS transporter,,COORDINATES: similar to AA sequence:RefSeq:NP_709507.1,,EC1303_c39170,116,2,,,,
CDS_NZ_CP009166.1_4150086_4151151_pos,NZ_CP009166.1,EC1303_RS20355,WP_001340434.1,cbrA,4150086,4151151,pos,,colicin M resistance protein,,COORDINATES: similar to AA sequence:RefSeq:NP_418145.2,,EC1303_c39160,116,2,,,,
CDS_NZ_CP009166.1_959431_960499_neg,NZ_CP009166.1,EC1303_RS28055,WP_024175232.1,,959431,960499,neg,,macro domain-containing protein,,COORDINATES: similar to AA sequence:RefSeq:WP_015872651.1,,EC1303_c08790,117,2,,,,
CDS_NZ_CP009166.1_960495_961111_neg,NZ_CP009166.1,EC1303_RS29120,,,960495,961111,neg,True,DUF4433 domain-containing protein,,COORDINATES: similar to AA sequence:RefSeq:WP_012773555.1,,,117,2,,,,
CDS_NZ_CP009166.1_1226489_1226612_pos,NZ_CP009166.1,EC1303_RS28695,,,1226489,1226612,pos,True,DUF905 family protein,,COORDINATES: similar to AA sequence:RefSeq:WP_001119724.1,,,118,3,,,,
CDS_NZ_CP009166.1_2283465_2284536_pos,NZ_CP009166.1,EC1303_RS11350,WP_041124115.1,,2283465,2284536,pos,,patatin-like phospholipase family protein,,COORDINATES: similar to AA sequence:RefSeq:NP_309426.1,,EC1303_c21770,118,3,46.0,2.0,26.0,2.0
CDS_NZ_CP009166.1_1225272_1226343_pos,NZ_CP009166.1,EC1303_RS05765,WP_000102643.1,,1225272,1226343,pos,,patatin-like phospholipase family protein,,COORDINATES: similar to AA sequence:RefSeq:NP_309426.1,,EC1303_c11160,118,3,46.0,2.0,26.0,2.0
CDS_NZ_CP009166.1_2269399_2271019_neg,NZ_CP009166.1,EC1303_RS26660,,,2269399,2271019,neg,True,ISL3 family transposase,,COORDINATES: similar to AA sequence:RefSeq:WP_001368704.1,,EC1303_c21610,119,3,,,,
CDS_NZ_CP009166.1_2269027_2269320_neg,NZ_CP009166.1,EC1303_RS28845,,,2269027,2269320,neg,True,gamma-glutamyltransferase,,COORDINATES: similar to AA sequence:RefSeq:NP_312320.1,,,119,3,,,,
CDS_NZ_CP009166.1_2267953_2268988_pos,NZ_CP009166.1,EC1303_RS11255,WP_000656352.1,,2267953,2268988,pos,,phosphotriesterase,,COORDINATES: similar to AA sequence:RefSeq:NP_462451.1,,EC1303_c21600,119,3,,,,
CDS_NZ_CP009166.1_4897773_4898802_pos,NZ_CP009166.1,EC1303_RS24000,WP_041124201.1,,4897773,4898802,pos,,major capsid protein,,COORDINATES: similar to AA sequence:RefSeq:NP_706633.1,,EC1303_c46120,120,2,47.0,2.0,,
CDS_NZ_CP009166.1_1348888_1349917_pos,NZ_CP009166.1,EC1303_RS06545,WP_000522651.1,,1348888,1349917,pos,,major capsid protein,,COORDINATES: similar to AA sequence:RefSeq:NP_706633.1,,EC1303_c12620,120,2,47.0,2.0,,
CDS_NZ_CP009166.1_2471829_2473080_neg,NZ_CP009166.1,EC1303_RS12195,WP_000353878.1,,2471829,2473080,neg,,NupC/NupG family nucleoside CNT transporter,,COORDINATES: similar to AA sequence:RefSeq:NP_416669.1,,EC1303_c23440,121,2,48.0,2.0,27.0,2.0
CDS_NZ_CP009166.1_2468639_2469890_neg,NZ_CP009166.1,EC1303_RS12180,WP_000382966.1,,2468639,2469890,neg,,NupC/NupG family nucleoside CNT transporter,,COORDINATES: similar to AA sequence:RefSeq:NP_416666.1,,EC1303_c23410,121,2,48.0,2.0,27.0,2.0
CDS_NZ_CP009166.1_2266227_2267208_pos,NZ_CP009166.1,EC1303_RS11245,WP_041124114.1,,2266227,2267208,pos,,IS5-like element ISKpn26 family transposase,,COORDINATES: similar to AA sequence:RefSeq:WP_000019445.1,,EC1303_c21580,122,2,,,,
CDS_NZ_CP009166.1_2267321_2267951_pos,NZ_CP009166.1,EC1303_RS11250,,,2267321,2267951,pos,True,DMT family transporter,,COORDINATES: similar to AA sequence:RefSeq:WP_001638915.1,,EC1303_c21590,122,2,,,,
CDS_NZ_CP009166.1_1156017_1156652_neg,NZ_CP009166.1,EC1303_RS29305,,,1156017,1156652,neg,True,hypothetical protein,,COORDINATES: similar to AA sequence:RefSeq:WP_001413558.1,,,123,3,,,,
CDS_NZ_CP009166.1_1154835_1155837_neg,NZ_CP009166.1,EC1303_RS29300,WP_169072915.1,,1154835,1155837,neg,,hypothetical protein,,COORDINATES: similar to AA sequence:RefSeq:WP_001465099.1,,,123,3,,,,
CDS_NZ_CP009166.1_1156848_1157542_pos,NZ_CP009166.1,EC1303_RS28080,,,1156848,1157542,pos,True,IS1 family transposase,,COORDINATES: similar to AA sequence:RefSeq:WP_012477181.1,,,123,3,,,,
CDS_NZ_CP009166.1_3919035_3920031_pos,NZ_CP009166.1,EC1303_RS19280,WP_001182650.1,wecH,3919035,3920031,pos,,O-acetyltransferase WecH,,COORDINATES: similar to AA sequence:RefSeq:NP_418018.1,2.3.1.-,EC1303_c37040,124,2,,,,
CDS_NZ_CP009166.1_3920072_3920509_neg,NZ_CP009166.1,EC1303_RS19285,,,3920072,3920509,neg,True,YiaB family inner membrane protein,,COORDINATES: similar to AA sequence:RefSeq:NP_312472.2,,EC1303_c37050,124,2,,,,
CDS_NZ_CP009166.1_1794603_1794699_neg,NZ_CP009166.1,EC1303_RS26465,,,1794603,1794699,neg,True,phage tail protein,,COORDINATES: similar to AA sequence:RefSeq:NP_309665.1,,EC1303_c16610,125,2,,,,
CDS_NZ_CP009166.1_1791199_1794550_neg,NZ_CP009166.1,EC1303_RS26460,WP_071889255.1,,1791199,1794550,neg,,prophage tail fiber N-terminal domain-containing protein,,COORDINATES: similar to AA sequence:RefSeq:NP_415890.2,,EC1303_c16600,125,2,,,,
CDS_NZ_CP009166.1_268885_269896_pos,NZ_CP009166.1,EC1303_RS01245,WP_001293173.1,,268885,269896,pos,,flagellar motor switch protein FliG,,COORDINATES: similar to AA sequence:RefSeq:WP_001293121.1,,EC1303_c02420,126,2,,,,
CDS_NZ_CP009166.1_269899_270599_pos,NZ_CP009166.1,EC1303_RS01250,,,269899,270599,pos,True,flagellar assembly protein H,,COORDINATES: similar to AA sequence:RefSeq:WP_001521882.1,,EC1303_c02430,126,2,,,,
CDS_NZ_CP009167.1_34992_35970_neg,NZ_CP009167.1,EC1303_RS24460,WP_001309253.1,,34992,35970,neg,,replication initiation protein,,COORDINATES: similar to AA sequence:RefSeq:NP_052630.2,,EC1303_109p00290,127,3,,,,
CDS_NZ_CP009167.1_36616_36901_neg,NZ_CP009167.1,EC1303_RS27700,,,36616,36901,neg,True,transposase,,COORDINATES: similar to AA sequence:RefSeq:WP_086558235.1,,EC1303_109p00300,127,3,,,,
CDS_NZ_CP009167.1_36975_37539_pos,NZ_CP009167.1,EC1303_RS25615,,,36975,37539,pos,True,transposase,,COORDINATES: similar to AA sequence:RefSeq:WP_001401776.1,,EC1303_109p00310,127,3,,,,
CDS_NZ_CP009167.1_55791_56693_pos,NZ_CP009167.1,EC1303_RS29355,,,55791,56693,pos,True,DUF1281 domain-containing protein,,COORDINATES: similar to AA sequence:RefSeq:NP_052643.1,,,128,2,,,,
CDS_NZ_CP009167.1_53738_54710_pos,NZ_CP009167.1,EC1303_RS24565,WP_000817031.1,,53738,54710,pos,,ParB/RepB/Spo0J family plasmid partition protein,,COORDINATES: similar to AA sequence:RefSeq:NP_052641.1,,EC1303_109p00500,128,2,,,,
CDS_NZ_CP009166.1_20857_22278_neg,NZ_CP009166.1,EC1303_RS00105,,espX1,20857,22278,neg,True,type III secretion system effector EspX1,,COORDINATES: similar to AA sequence:RefSeq:NP_308052.1,,EC1303_c00210,129,3,,,,
CDS_NZ_CP009166.1_19279_20632_neg,NZ_CP009166.1,EC1303_RS00100,,,19279,20632,neg,True,fimbria/pilus outer membrane usher protein,,COORDINATES: similar to AA sequence:RefSeq:NP_308049.1,,EC1303_c00200,129,3,,,,
CDS_NZ_CP009166.1_18307_19267_neg,NZ_CP009166.1,EC1303_RS00095,WP_000871671.1,,18307,19267,neg,,hypothetical protein,,COORDINATES: similar to AA sequence:RefSeq:WP_000871680.1,,EC1303_c00190,129,3,,,,
CDS_NZ_CP009166.1_3168754_3170364_neg,NZ_CP009166.1,EC1303_RS26950,,,3168754,3170364,neg,True,hypothetical protein,,COORDINATES: similar to AA sequence:RefSeq:WP_001613747.1,,EC1303_c29870,130,3,,,,
CDS_NZ_CP009166.1_3168622_3168742_neg,NZ_CP009166.1,EC1303_RS29455,,,3168622,3168742,neg,True,type III secretion protein,,COORDINATES: similar to AA sequence:RefSeq:WP_001314987.1,,,130,3,,,,
CDS_NZ_CP009166.1_3167675_3168623_neg,NZ_CP009166.1,EC1303_RS15550,WP_000467442.1,,3167675,3168623,neg,,YscQ/HrcQ family type III secretion apparatus protein,,COORDINATES: similar to AA sequence:RefSeq:WP_001578916.1,,EC1303_c29850,130,3,,,,
CDS_NZ_CP009166.1_1334551_1335601_pos,NZ_CP009166.1,EC1303_RS06455,WP_001265061.1,,1334551,1335601,pos,,DUF968 domain-containing protein,,COORDINATES: similar to AA sequence:RefSeq:NP_707428.1,,EC1303_c12440,131,2,49.0,2.0,28.0,2.0
CDS_NZ_CP009166.1_1804632_1805682_neg,NZ_CP009166.1,EC1303_RS08775,WP_001265198.1,,1804632,1805682,neg,,DUF968 domain-containing protein,,COORDINATES: similar to AA sequence:RefSeq:NP_416078.4,,EC1303_c16800,131,2,49.0,2.0,28.0,2.0
CDS_NZ_CP009166.1_2675160_2676093_pos,NZ_CP009166.1,EC1303_RS13115,WP_000368140.1,,2675160,2676093,pos,,formate/nitrite transporter family protein,,COORDINATES: similar to AA sequence:RefSeq:NP_416849.1,,EC1303_c25210,132,3,,,,
CDS_NZ_CP009166.1_2676595_2676982_neg,NZ_CP009166.1,EC1303_RS13125,,,2676595,2676982,neg,True,LysR family transcriptional regulator,,COORDINATES: similar to AA sequence:RefSeq:NP_416865.1,,EC1303_c25230,132,3,,,,
CDS_NZ_CP009166.1_2676407_2676599_pos,NZ_CP009166.1,EC1303_RS26850,,,2676407,2676599,pos,True,DUF4102 domain-containing protein,,COORDINATES: similar to AA sequence:RefSeq:WP_000089393.1,,,132,3,,,,
CDS_NZ_CP009166.1_2596948_2598167_pos,NZ_CP009166.1,EC1303_RS12745,,elaD,2596948,2598167,pos,True,deubiquitinase,,COORDINATES: similar to AA sequence:RefSeq:NP_416772.1,,EC1303_c24490,133,3,,,,
CDS_NZ_CP009166.1_2595843_2596761_pos,NZ_CP009166.1,EC1303_RS12740,WP_001300687.1,rbn,2595843,2596761,pos,,ribonuclease BN,,COORDINATES: similar to AA sequence:RefSeq:NP_416771.4,,EC1303_c24480,133,3,,,,
CDS_NZ_CP009166.1_2598578_2599185_pos,NZ_CP009166.1,EC1303_RS29450,,,2598578,2599185,pos,True,hypothetical protein,,COORDINATES: similar to AA sequence:RefSeq:WP_001544752.1,,,133,3,,,,
CDS_NZ_CP009166.1_4140992_4141886_pos,NZ_CP009166.1,EC1303_RS20310,WP_001013540.1,,4140992,4141886,pos,,AraC family transcriptional regulator,,COORDINATES: similar to AA sequence:RefSeq:NP_418136.2,,EC1303_c39070,134,2,,,,
CDS_NZ_CP009166.1_4141882_4142697_neg,NZ_CP009166.1,EC1303_RS20315,,,4141882,4142697,neg,True,hypothetical protein,,COORDINATES: similar to AA sequence:RefSeq:NP_312649.2,,EC1303_c39080,134,2,,,,
CDS_NZ_CP009166.1_2572039_2572237_pos,NZ_CP009166.1,EC1303_RS12615,,,2572039,2572237,pos,True,hypothetical protein,,COORDINATES: similar to AA sequence:RefSeq:NP_311156.1,,EC1303_c24230,135,2,,,,
CDS_NZ_CP009166.1_2571139_2572039_pos,NZ_CP009166.1,EC1303_RS12610,WP_000140569.1,,2571139,2572039,pos,,ISNCY family transposase,,COORDINATES: similar to AA sequence:RefSeq:NP_416747.1,,EC1303_c24220,135,2,,,,
CDS_NZ_CP009166.1_1216248_1217145_pos,NZ_CP009166.1,EC1303_RS05740,,,1216248,1217145,pos,True,IS3 family transposase,,COORDINATES: similar to AA sequence:RefSeq:WP_076612015.1,,EC1303_c11110,136,4,,,,
CDS_NZ_CP009166.1_1211510_1214354_neg,NZ_CP009166.1,EC1303_RS05725,WP_052476148.1,,1211510,1214354,neg,,hypothetical protein,,COORDINATES: similar to AA sequence:RefSeq:WP_001538203.1,,EC1303_c11080,136,4,,,,
CDS_NZ_CP009166.1_1214776_1215025_pos,NZ_CP009166.1,EC1303_RS05730,,,1214776,1215025,pos,True,transposase,,COORDINATES: similar to AA sequence:RefSeq:WP_076612015.1,,EC1303_c11090,136,4,,,,
CDS_NZ_CP009166.1_1215089_1216239_pos,NZ_CP009166.1,EC1303_RS05735,,,1215089,1216239,pos,True,IS30-like element IS30 family transposase,,COORDINATES: similar to AA sequence:RefSeq:WP_004389801.1,,EC1303_c11100,136,4,,,,
CDS_NZ_CP009166.1_2282563_2283469_pos,NZ_CP009166.1,EC1303_RS11345,WP_000203523.1,,2282563,2283469,pos,,chemotaxis protein,,COORDINATES: similar to AA sequence:RefSeq:NP_310824.1,,EC1303_c21760,137,2,50.0,2.0,29.0,2.0
CDS_NZ_CP009166.1_1224370_1225276_pos,NZ_CP009166.1,EC1303_RS05760,WP_021497799.1,,1224370,1225276,pos,,yjcZ-like family protein,,COORDINATES: similar to AA sequence:RefSeq:NP_309425.1,,EC1303_c11150,137,2,50.0,2.0,29.0,2.0
CDS_NZ_CP009166.1_4803957_4804050_neg,NZ_CP009166.1,EC1303_RS29025,,,4803957,4804050,neg,True,hypothetical protein,,COORDINATES: similar to AA sequence:RefSeq:NP_313307.1,,,138,2,,,,
CDS_NZ_CP009166.1_4802812_4803715_pos,NZ_CP009166.1,EC1303_RS23465,WP_000832229.1,fimH,4802812,4803715,pos,,type 1 fimbria D-mannose specific adhesin FimH,,COORDINATES: similar to AA sequence:RefSeq:NP_313306.1,,EC1303_c45120,138,2,,,,
CDS_NZ_CP009166.1_3481492_3481774_pos,NZ_CP009166.1,EC1303_RS17090,,agaB,3481492,3481774,pos,True,PTS N-acetylgalactosamine transporter subunit IIB,,COORDINATES: similar to AA sequence:RefSeq:NP_417607.1,,EC1303_c32830,139,2,,,,
CDS_NZ_CP009166.1_3480465_3481326_pos,NZ_CP009166.1,EC1303_RS17085,WP_000022766.1,kbaY,3480465,3481326,pos,,tagatose-bisphosphate aldolase subunit KbaY,,COORDINATES: similar to AA sequence:RefSeq:NP_312044.1,4.1.2.40,EC1303_c32820,139,2,,,,
CDS_NZ_CP009166.1_328462_329314_neg,NZ_CP009166.1,EC1303_RS01565,WP_000621009.1,,328462,329314,neg,,helix-turn-helix domain-containing protein,,COORDINATES: similar to AA sequence:RefSeq:NP_308364.2,,EC1303_c03060,140,2,,,,
CDS_NZ_CP009166.1_329616_329745_pos,NZ_CP009166.1,EC1303_RS28605,,,329616,329745,pos,True,aldo/keto reductase,,COORDINATES: similar to AA sequence:RefSeq:NP_308365.3,,,140,2,,,,
CDS_NZ_CP009166.1_3291469_3292312_neg,NZ_CP009166.1,EC1303_RS16130,WP_160371899.1,,3291469,3292312,neg,,polysaccharide deacetylase family protein,,COORDINATES: similar to AA sequence:RefSeq:NP_858368.1,,EC1303_c30990,141,2,,,,
CDS_NZ_CP009166.1_3292497_3293694_pos,NZ_CP009166.1,EC1303_RS16140,,,3292497,3293694,pos,True,IS3 family transposase,,COORDINATES: similar to AA sequence:RefSeq:WP_076611482.1,,EC1303_c31010,141,2,,,,
CDS_NZ_CP009166.1_969381_970254_pos,NZ_CP009166.1,EC1303_RS04585,WP_001069732.1,,969381,970254,pos,,GTPase family protein,,COORDINATES: similar to AA sequence:RefSeq:NP_708764.1,,EC1303_c08870,142,3,51.0,3.0,30.0,3.0
CDS_NZ_CP009166.1_2279080_2279953_pos,NZ_CP009166.1,EC1303_RS11335,WP_001069814.1,,2279080,2279953,pos,,GTPase family protein,,COORDINATES: similar to AA sequence:RefSeq:NP_708764.1,,EC1303_c21740,142,3,51.0,3.0,30.0,3.0
CDS_NZ_CP009166.1_1217515_1218388_pos,NZ_CP009166.1,EC1303_RS05745,WP_041124079.1,,1217515,1218388,pos,,GTPase family protein,,COORDINATES: similar to AA sequence:RefSeq:NP_309422.1,,EC1303_c11120,142,3,51.0,3.0,30.0,3.0
CDS_NZ_CP009167.1_46196_47162_neg,NZ_CP009167.1,EC1303_RS28500,,,46196,47162,neg,True,IS3 family transposase,,COORDINATES: similar to AA sequence:RefSeq:WP_076612087.1,,,143,2,,,,
CDS_NZ_CP009167.1_44677_45514_neg,NZ_CP009167.1,EC1303_RS24525,WP_041124238.1,,44677,45514,neg,,helix-turn-helix domain-containing protein,,COORDINATES: similar to AA sequence:RefSeq:WP_000222506.1,,EC1303_109p00400,143,2,,,,
CDS_NZ_CP009166.1_3963698_3964541_pos,NZ_CP009166.1,EC1303_RS19470,WP_000072850.1,,3963698,3964541,pos,,HEAT repeat domain-containing protein,,COORDINATES: similar to AA sequence:RefSeq:NP_418051.1,,EC1303_c37400,144,2,,,,
CDS_NZ_CP009166.1_3964568_3965527_pos,NZ_CP009166.1,EC1303_RS19475,,,3964568,3965527,pos,True,RHS repeat protein,,COORDINATES: similar to AA sequence:RefSeq:NP_312497.1,,EC1303_c37410,144,2,,,,
CDS_NZ_CP009166.1_59435_60251_pos,NZ_CP009166.1,EC1303_RS00285,WP_001200579.1,djlA,59435,60251,pos,,co-chaperone DjlA,,COORDINATES: similar to AA sequence:RefSeq:NP_414597.1,,EC1303_c00540,145,2,,,,
CDS_NZ_CP009166.1_60545_61212_pos,NZ_CP009166.1,EC1303_RS00290,,,60545,61212,pos,True,hypothetical protein,,COORDINATES: similar to AA sequence:RefSeq:YP_009518734.1,,EC1303_c00550,145,2,,,,
CDS_NZ_CP009166.1_981554_982397_pos,NZ_CP009166.1,EC1303_RS04655,WP_001280423.1,,981554,982397,pos,,DUF4942 domain-containing protein,,COORDINATES: similar to AA sequence:RefSeq:NP_309436.1,,EC1303_c09010,146,3,52.0,3.0,31.0,3.0
CDS_NZ_CP009166.1_1230869_1231712_pos,NZ_CP009166.1,EC1303_RS05825,WP_001688445.1,,1230869,1231712,pos,,DUF4942 domain-containing protein,,COORDINATES: similar to AA sequence:RefSeq:NP_309436.1,,EC1303_c11270,146,3,52.0,3.0,31.0,3.0
CDS_NZ_CP009166.1_4116029_4116872_pos,NZ_CP009166.1,EC1303_RS20170,WP_041124175.1,,4116029,4116872,pos,,DUF4942 domain-containing protein,,COORDINATES: similar to AA sequence:RefSeq:WP_001696593.1,,EC1303_c38830,146,3,52.0,3.0,31.0,3.0
CDS_NZ_CP009166.1_3888051_3890541_neg,NZ_CP009166.1,EC1303_RS19120,WP_024241680.1,bcsA,3888051,3890541,neg,,UDP-forming cellulose synthase catalytic subunit,,COORDINATES: similar to AA sequence:RefSeq:WP_005010408.1,2.4.1.12,EC1303_c36750,147,2,,,,
CDS_NZ_CP009166.1_3890533_3891346_pos,NZ_CP009166.1,EC1303_RS19125,,bcsE,3890533,3891346,pos,True,cellulose biosynthesis protein BcsE,,COORDINATES: similar to AA sequence:RefSeq:NP_417993.1,,EC1303_c36760,147,2,,,,
CDS_NZ_CP009166.1_234121_234718_pos,NZ_CP009166.1,EC1303_RS01065,,,234121,234718,pos,True,methyltransferase domain-containing protein,,COORDINATES: similar to AA sequence:RefSeq:NP_308233.1,,EC1303_c02060,148,2,,,,
CDS_NZ_CP009166.1_233290_234091_pos,NZ_CP009166.1,EC1303_RS01060,WP_001230983.1,,233290,234091,pos,,endonuclease/exonuclease/phosphatase family protein,,COORDINATES: similar to AA sequence:RefSeq:NP_414745.1,,EC1303_c02050,148,2,,,,
CDS_NZ_CP009166.1_1202445_1203222_neg,NZ_CP009166.1,EC1303_RS05660,,,1202445,1203222,neg,True,efflux RND transporter permease subunit,,COORDINATES: similar to AA sequence:RefSeq:WP_007116547.1,,EC1303_c10960,149,2,,,,
CDS_NZ_CP009166.1_1201329_1202145_neg,NZ_CP009166.1,EC1303_RS05655,WP_001043260.1,sul2,1201329,1202145,neg,,sulfonamide-resistant dihydropteroate synthase Sul2,,COORDINATES: similar to AA sequence:RefSeq:WP_001043260.1,,EC1303_c10950,149,2,,,,
CDS_NZ_CP009166.1_4603800_4604580_neg,NZ_CP009166.1,EC1303_RS22505,WP_001193500.1,phnE,4603800,4604580,neg,,"phosphonate ABC transporter permease protein PhnE",,COORDINATES: similar to AA sequence:RefSeq:NP_313113.2,,EC1303_c43270,150,2,,,,
CDS_NZ_CP009166.1_4604685_4605702_neg,NZ_CP009166.1,EC1303_RS22510,,phnD,4604685,4605702,neg,True,phosphonate ABC transporter substrate-binding protein,,COORDINATES: similar to AA sequence:RefSeq:NP_418529.1,,EC1303_c43280,150,2,,,,
CDS_NZ_CP009166.1_2197765_2198518_neg,NZ_CP009166.1,EC1303_RS10880,WP_001272994.1,yecC,2197765,2198518,neg,,L-cystine ABC transporter ATP-binding protein YecC,,COORDINATES: similar to AA sequence:RefSeq:NP_416427.1,,EC1303_c20890,151,2,,,,
CDS_NZ_CP009166.1_2198514_2199184_neg,NZ_CP009166.1,EC1303_RS10885,,tcyL,2198514,2199184,neg,True,cystine ABC transporter permease,,COORDINATES: similar to AA sequence:RefSeq:NP_416428.1,,EC1303_c20900,151,2,,,,
CDS_NZ_CP009166.1_1381474_1382206_neg,NZ_CP009166.1,EC1303_RS06715,WP_000332303.1,bluR,1381474,1382206,neg,,DNA-binding transcriptional repressor BluR,,COORDINATES: similar to AA sequence:RefSeq:NP_415680.1,,EC1303_c12940,152,2,,,,
CDS_NZ_CP009166.1_1382410_1383621_neg,NZ_CP009166.1,EC1303_RS06720,,bluF,1382410,1383621,neg,True,blue light-responsive regulator BluF,,COORDINATES: similar to AA sequence:RefSeq:NP_415681.1,,EC1303_c12950,152,2,,,,
CDS_NZ_CP009166.1_1558011_1558149_neg,NZ_CP009166.1,EC1303_RS07635,,,1558011,1558149,neg,True,NAD-dependent dehydratase,,COORDINATES: similar to AA sequence:RefSeq:NP_707232.2,,EC1303_c14660,153,2,,,,
CDS_NZ_CP009166.1_1557156_1557885_neg,NZ_CP009166.1,EC1303_RS07630,WP_000219122.1,mpaA,1557156,1557885,neg,,murein tripeptide amidase MpaA,,COORDINATES: similar to AA sequence:RefSeq:NP_415842.2,,EC1303_c14650,153,2,,,,
CDS_NZ_CP009166.1_4885520_4886273_pos,NZ_CP009166.1,EC1303_RS23935,WP_041124197.1,,4885520,4886273,pos,,antitermination protein,,COORDINATES: similar to AA sequence:RefSeq:NP_416077.4,,EC1303_c45980,154,2,53.0,2.0,32.0,2.0
CDS_NZ_CP009166.1_1803866_1804619_neg,NZ_CP009166.1,EC1303_RS08770,WP_001047135.1,,1803866,1804619,neg,,antitermination protein,,COORDINATES: similar to AA sequence:RefSeq:NP_416077.4,,EC1303_c16790,154,2,53.0,2.0,32.0,2.0
CDS_NZ_CP009166.1_4905741_4906485_pos,NZ_CP009166.1,EC1303_RS24055,WP_041124205.1,,4905741,4906485,pos,,phage tail protein,,COORDINATES: similar to AA sequence:RefSeq:NP_309673.1,,EC1303_c46230,155,2,54.0,2.0,,
CDS_NZ_CP009166.1_1356856_1357600_pos,NZ_CP009166.1,EC1303_RS06600,WP_041124090.1,,1356856,1357600,pos,,phage tail protein,,COORDINATES: similar to AA sequence:RefSeq:NP_309673.1,,EC1303_c12730,155,2,54.0,2.0,,
CDS_NZ_CP009166.1_1351679_1352420_pos,NZ_CP009166.1,EC1303_RS06570,WP_041124210.1,,1351679,1352420,pos,,phage tail protein,,COORDINATES: similar to AA sequence:RefSeq:NP_309667.1,,EC1303_c12670,156,2,55.0,2.0,,
CDS_NZ_CP009166.1_4900563_4901304_pos,NZ_CP009166.1,EC1303_RS24025,WP_001345558.1,,4900563,4901304,pos,,phage tail protein,,COORDINATES: similar to AA sequence:RefSeq:NP_309667.1,,EC1303_c46170,156,2,55.0,2.0,,
CDS_NZ_CP009166.1_4905037_4905736_pos,NZ_CP009166.1,EC1303_RS24050,WP_001152612.1,,4905037,4905736,pos,,phage minor tail protein L,,COORDINATES: similar to AA sequence:RefSeq:NP_309672.1,,EC1303_c46220,157,2,56.0,2.0,,
CDS_NZ_CP009166.1_1356153_1356852_pos,NZ_CP009166.1,EC1303_RS06595,WP_001563779.1,,1356153,1356852,pos,,phage minor tail protein L,,COORDINATES: similar to AA sequence:RefSeq:NP_309672.1,,EC1303_c12720,157,2,56.0,2.0,,
CDS_NZ_CP009167.1_42223_43245_neg,NZ_CP009167.1,EC1303_RS28495,,,42223,43245,neg,True,IS3 family transposase,,COORDINATES: similar to AA sequence:RefSeq:WP_012539895.1,,,158,4,,,,
CDS_NZ_CP009167.1_42034_42154_pos,NZ_CP009167.1,EC1303_RS29075,,,42034,42154,pos,True,transposase,,COORDINATES: similar to AA sequence:RefSeq:WP_076612262.1,,,158,4,,,,
CDS_NZ_CP009167.1_39124_41656_neg,NZ_CP009167.1,EC1303_RS27715,WP_163448519.1,,39124,41656,neg,,autotransporter outer membrane beta-barrel domain-containing protein,,COORDINATES: similar to AA sequence:RefSeq:WP_001542547.1,,EC1303_109p00330,158,4,,,,
CDS_NZ_CP009167.1_43311_44293_pos,NZ_CP009167.1,EC1303_RS24510,,,43311,44293,pos,True,IS110 family transposase,,COORDINATES: similar to AA sequence:RefSeq:WP_001028172.1,,,158,4,,,,
CDS_NZ_CP009166.1_3332487_3333547_neg,NZ_CP009166.1,EC1303_RS16335,,,3332487,3333547,neg,True,anion permease,,COORDINATES: similar to AA sequence:RefSeq:NP_417461.1,,EC1303_c31390,159,2,,,,
CDS_NZ_CP009166.1_3331746_3332439_pos,NZ_CP009166.1,EC1303_RS16330,WP_001190781.1,,3331746,3332439,pos,,thymidylate kinase,,COORDINATES: similar to AA sequence:RefSeq:NP_417460.1,,EC1303_c31380,159,2,,,,
CDS_NZ_CP009166.1_1480976_1481066_neg,NZ_CP009166.1,EC1303_RS28735,,,1480976,1481066,neg,True,YkgJ family cysteine cluster protein,,COORDINATES: similar to AA sequence:RefSeq:NP_460692.1,,,160,2,,,,
CDS_NZ_CP009166.1_1480205_1480949_neg,NZ_CP009166.1,EC1303_RS07230,WP_032223252.1,,1480205,1480949,neg,,UPF0259 family protein,,COORDINATES: similar to AA sequence:RefSeq:NP_415771.1,,EC1303_c13900,160,2,,,,
CDS_NZ_CP009166.1_1643612_1644119_neg,NZ_CP009166.1,EC1303_RS26405,,tnpA,1643612,1644119,neg,True,IS200/IS605 family transposase,,COORDINATES: similar to AA sequence:RefSeq:WP_000604919.1,,EC1303_c15360,161,2,,,,
CDS_NZ_CP009166.1_1642926_1643595_pos,NZ_CP009166.1,EC1303_RS08010,WP_001261013.1,,1642926,1643595,pos,,DUF3313 domain-containing protein,,COORDINATES: similar to AA sequence:RefSeq:NP_310063.1,,EC1303_c15350,161,2,,,,
CDS_NZ_CP009166.1_2563886_2564129_pos,NZ_CP009166.1,EC1303_RS12580,,,2563886,2564129,pos,True,LysR family transcriptional regulator,,COORDINATES: similar to AA sequence:RefSeq:NP_311149.1,,EC1303_c24160,162,2,,,,
CDS_NZ_CP009166.1_2563057_2563708_neg,NZ_CP009166.1,EC1303_RS12575,WP_000301050.1,inaA,2563057,2563708,neg,,lipopolysaccharide kinase InaA,,COORDINATES: similar to AA sequence:RefSeq:NP_416740.1,,EC1303_c24150,162,2,,,,
CDS_NZ_CP009166.1_3097691_3098339_neg,NZ_CP009166.1,EC1303_RS15180,WP_000440781.1,fucA,3097691,3098339,neg,,L-fuculose-phosphate aldolase,,COORDINATES: similar to AA sequence:RefSeq:NP_417280.1,4.1.2.17,EC1303_c29160,163,2,,,,
CDS_NZ_CP009166.1_3098885_3100201_pos,NZ_CP009166.1,EC1303_RS15185,,fucP,3098885,3100201,pos,True,L-fucose:H+ symporter permease,,COORDINATES: similar to AA sequence:RefSeq:NP_417281.1,,EC1303_c29170,163,2,,,,
CDS_NZ_CP009166.1_715417_715567_neg,NZ_CP009166.1,EC1303_RS03405,,,715417,715567,neg,True,winged helix-turn-helix domain-containing protein,,COORDINATES: similar to AA sequence:RefSeq:NP_415222.1,,,164,2,,,,
CDS_NZ_CP009166.1_714643_715294_neg,NZ_CP009166.1,EC1303_RS03400,WP_001208814.1,,714643,715294,neg,,DUF2625 domain-containing protein,,COORDINATES: similar to AA sequence:RefSeq:WP_001208812.1,,EC1303_c06590,164,2,,,,
CDS_NZ_CP009166.1_3152185_3152818_pos,NZ_CP009166.1,EC1303_RS15420,WP_001305805.1,,3152185,3152818,pos,,helix-turn-helix transcriptional regulator,,COORDINATES: similar to AA sequence:RefSeq:NP_417323.2,,EC1303_c29620,165,2,,,,
CDS_NZ_CP009166.1_3153151_3153974_pos,NZ_CP009166.1,EC1303_RS25755,,,3153151,3153974,pos,True,transcriptional regulator,,COORDINATES: similar to AA sequence:RefSeq:NP_417324.1,,EC1303_c29630,165,2,,,,
CDS_NZ_CP009166.1_1462910_1463807_neg,NZ_CP009166.1,EC1303_RS07145,,,1462910,1463807,neg,True,IS4 family transposase,,COORDINATES: similar to AA sequence:RefSeq:WP_012904641.1,,EC1303_c13740,166,2,,,,
CDS_NZ_CP009166.1_1462011_1462629_pos,NZ_CP009166.1,EC1303_RS07140,WP_000068077.1,tdk,1462011,1462629,pos,,thymidine kinase,,COORDINATES: similar to AA sequence:RefSeq:NP_415754.1,2.7.1.21,EC1303_c13730,166,2,,,,
CDS_NZ_CP009166.1_2792358_2792976_pos,NZ_CP009166.1,EC1303_RS13690,WP_001352202.1,hyfA,2792358,2792976,pos,,hydrogenase 4 subunit HyfA,,COORDINATES: similar to AA sequence:RefSeq:NP_416976.4,,EC1303_c26330,167,2,,,,
CDS_NZ_CP009166.1_2792975_2794993_pos,NZ_CP009166.1,EC1303_RS13700,,hyfB,2792975,2794993,pos,True,hydrogenase 4 subunit B,,COORDINATES: similar to AA sequence:RefSeq:NP_416977.1,,EC1303_c26340,167,2,,,,
CDS_NZ_CP009166.1_4906421_4907054_pos,NZ_CP009166.1,EC1303_RS24060,WP_000090891.1,,4906421,4907054,pos,,tail assembly protein,,COORDINATES: similar to AA sequence:RefSeq:WP_000090899.1,,EC1303_c46240,168,2,57.0,2.0,,
CDS_NZ_CP009166.1_1357536_1358169_pos,NZ_CP009166.1,EC1303_RS06605,WP_000090891.1,,1357536,1358169,pos,,tail assembly protein,,COORDINATES: similar to AA sequence:RefSeq:WP_000090899.1,,EC1303_c12740,168,2,57.0,2.0,,
